<?xml version="1.0" encoding="UTF-8" ?>
<!DOCTYPE mapper PUBLIC "-//mybatis.org//DTD Mapper 3.0//EN" "http://mybatis.org/dtd/mybatis-3-mapper.dtd">

<mapper namespace="amgen.ri.aig.image.ChemImageMapper">  
  
<update id="getChemImageData4Root" parameterType="amgen.ri.aig.image.ChemImageDao" statementType="CALLABLE" >
    { #{results,javaType=byte[],jdbcType=BLOB,mode=OUT}= call RG_SMSC.SMSC.root2img(#{root}, #{amgenLogin}, #{width}, #{height})  }       
  </update>   

<update id="getChemImageData4RootLot" parameterType="amgen.ri.aig.image.ChemImageDao" statementType="CALLABLE" >
    { #{results,javaType=byte[],jdbcType=BLOB,mode=OUT}= call RG_SMSC.SMSC.rootlot2img(#{root}, #{lot}, #{amgenLogin}, #{width}, #{height})  }    
  </update>   

<update id="getChemImageData4Substance" parameterType="amgen.ri.aig.image.ChemImageDao" statementType="CALLABLE" >
    { #{results,javaType=byte[],jdbcType=BLOB,mode=OUT}= call RG_SMSC.SMSC.substance2img(#{substanceID}, #{amgenLogin}, #{width}, #{height})  }     
  </update>   

<update id="getChemImageData4Component" parameterType="amgen.ri.aig.image.ChemImageDao" statementType="CALLABLE" >
    { #{results,javaType=byte[],jdbcType=BLOB,mode=OUT}= call RG_SMSC.SMSC.component2img(#{componentID}, #{amgenLogin}, #{width}, #{height})  }  
  </update>   
    
      
</mapper>

