<?xml version="1.0" encoding="UTF-8" standalone="no"?>
<RGConfiguration>

  <Config name="RG_VERSION" value="PROD"/>
  
  <Config name="ACTIVEDIRECTORY_LDAP_URL" value="ldap://am.corp.amgen.com:389"/>
  <Config name="ACTIVEDIRECTORY_BASE_DNS" value="OU=Amgen,DC=am,DC=corp,DC=amgen,DC=com;OU=Amgen,DC=eu,DC=corp,DC=amgen,DC=com"/>
  
  <!--Config name="DOCMODE" value="IE=Edge"/-->
  <Config name="DOCMODE" value="IE=7"/>
  <!--Config name="ACTIVEDIRECTORY_BASE_DNS" value="OU=Amgen,DC=am,DC=corp,DC=amgen,DC=com"/-->

  <!-- 
    DEFINES MANY OF THE AUTHENTICATION PARAMETERS WHICH ARE VERSION, DEV/TEST/PROD, DEPENDENT
  -->
  <!-- SiteMinder protected authentication script to use -->
  <!-- Config name="FASF_AUTHENTICATOR_URL" value="http://uswa-papp-bio07.amgen.com/cgi-bin/fasf/fasf.pl"/-->
  <Config name="FASF_AUTHENTICATOR_URL" value="http://uslv-pweb-bio06.amgen.com/cgi-bin/fasf/fasf.pl"/>
  <!--Config name="FASF_AUTHENTICATOR_URL" value="http://ussf-papp-dweb1.amgen.com/cgi-bin/fasf/fasf.pl"/-->
  <!-- Name of the authentication cookie -->
  <Config name="FASF_COOKIE_KEY" value="RG_AUTH_DEV" version="dev"/>
  <Config name="FASF_COOKIE_KEY" value="RG_AUTH_TEST" version="test"/>
  <Config name="FASF_COOKIE_KEY" value="RG_AUTH_PROD" version="prod"/>

  <!-- Name of the session identity cookie -->
  <Config name="FASF_SESSION_IDENTITY_COOKIE_KEY" value="RG_IDENTITY_DEV" version="dev"/>
  <Config name="FASF_SESSION_IDENTITY_COOKIE_KEY" value="RG_IDENTITY_TEST" version="test"/>
  <Config name="FASF_SESSION_IDENTITY_COOKIE_KEY" value="RG_IDENTITY_PROD" version="prod"/>

  <!-- Any paths to exclude from the authentication -->
  <Config name="FASF_AUTHENTICATOR_EXCLUDEDPATHS">
    <Value>
        <![CDATA[
      /aig/cache/, 
			/aig/xslt/, 
			/aig/ext/,
			/aig/ext/css/,
			/aig/js/, 
			/aig/cacheretrieval.go, 
			/aig/managecache.go,
			/aig/cachebuilder.go,
			/aig/cachebuilder
       ]]>
    </Value>
  </Config>
        
  <!-- FASF_PING_URL -->
  <Config name="FASF_PING_URL" value="http://uslv-pweb-bio06.am.corp.amgen.com/cgi-bin/fasf/smping.pl"/>

  <Config name="UDDI_QUERY_URL" value="http://rg-uddi.amgen.com/uddipublic/inquire.asmx"/>
  <Config name="UDDI_QUERY_URL" value="http://rg-uddi-test.amgen.com/uddipublic/inquire.asmx" version="test"/>
  <Config name="UDDI_QUERY_URL" value="http://rg-uddi-dev.amgen.com/uddipublic/inquire.asmx" version="dev"/>

    
  <!-- Directory to hold uploaded files-->
  <Config name="FILE_UPLOAD_DIRECTORY" value="/RG/fileupload"/>
  <!--Config name="FILE_UPLOAD_DIRECTORY" value="R:/fileupload"/-->

  <!-- SSS Quick Search Service -->
  <Config name="QUICK_SEARCH_SSS" value="0a0fb9c0-3c44-4346-8d64-dbcaeb346a73" version="dev"/>
  <Config name="QUICK_SEARCH_SSS" value="7929edaf-1f11-42f0-9a55-bf3c4fee73f3" version="test"/>
  <Config name="QUICK_SEARCH_SSS" value="7929edaf-1f11-42f0-9a55-bf3c4fee73f3"/>


  <!-- Assay Result Curves Service -->
  <Config name="ASSAY_RESULT_CURVES" value="db3b63ac-8e13-4f43-b6ea-554af0ba6f72" version="dev"/>
  <Config name="ASSAY_RESULT_CURVES" value="c35a6a15-1516-4ce3-a464-8951774ffbcd" version="test"/>
  <Config name="ASSAY_RESULT_CURVES" value="afb717b5-683d-47da-b8cb-ae6ffb146a48" version="prod"/>

  <!-- Small Molecular Structure Component -->
  <!-- If I want it local! -->
  <!--Config name="SMSC_BASE_URL" version="dev" value="http://ussf239481.am.corp.amgen.com:8080/smsc/"/-->

  <Config name="SMSC_BASE_URL" value="http://uslv-papp-rgb02.amgen.com:9090/smsc/" version="dev"/> 
  <Config name="SMSC_BASE_URL" value="http://uslv-papp-rgb02.amgen.com:9090/smsc/" version="test"/>
  <Config name="SMSC_BASE_URL" value="http://uslv-papp-rgb02.amgen.com:9090/smsc/" version="prod"/>

  <Config name="ASSAY_RESULT_TYPES" value="http://uslv-papp-rgb02:9091/DP_Implemented/datasourceservlet?queryType=aim_result_types"/>


  <Config name="NAME2STRUCTURE" value="89128bfa-ce33-42d0-b50f-d4ed400a23f6" version="dev"/>
  <Config name="NAME2STRUCTURE" value="477af41e-aa23-48ad-b606-aebe84e16885"/>

  <Config name="ASSAY_SEARCH" value="17654f32-19cb-4392-afec-58b48c4e2259" version="dev"/>
  <Config name="ASSAY_SEARCH" value="f1f3171a-f495-4859-b85a-48bb7dbf07d4"/>

  <Config name="ASSAY_RESULTS" value="e792e4bc-b527-448e-ba8b-f85c48467973" version="dev"/>
  <Config name="ASSAY_RESULTS" value="c223ef1b-4a8b-4213-8644-d82a76bb6d6b" version="test"/>
  <Config name="ASSAY_RESULTS" value="78417d30-1968-4472-9b61-a9f46430c143" version="prod"/>


  <Config name="COMPOUND_ENTITY_PROPERTIES" value="2768899a-1734-4964-b901-c8015a9ec950" version="dev"/>
  <Config name="COMPOUND_ENTITY_PROPERTIES" value="2768899a-1734-4964-b901-c8015a9ec950" version="test"/>
  <Config name="COMPOUND_ENTITY_PROPERTIES" value="cb47096e-9567-46bc-b498-6b729e760e00"/>

  <Config name="ASSAY_ENTITY_PROPERTIES" value="0ac4cca2-2367-4849-9c28-66f2ae29e519" version="dev"/>
  <Config name="ASSAY_ENTITY_PROPERTIES" value="fd22f164-414d-423d-9699-7d5258cebeb9"/>


  <Config name="DOCUMENT_ENTITY_PROPERTIES" value="a8d5c969-cac4-4043-853f-a3f81533d40a" version="dev"/>
  <Config name="DOCUMENT_ENTITY_PROPERTIES" value="641ad1a1-fabc-4109-b4eb-7a6959dfc863"/>


  <Config name="PROJECTVIEW_DOCUMENTS" value="aae5cc7e-b564-4a91-b2b6-15673b0b7762" version="dev"/>
  <Config name="PROJECTVIEW_DOCUMENTS" value="1aaef6b7-df5d-431e-a284-7aece3ec9a71" version="test"/>
  <Config name="PROJECTVIEW_DOCUMENTS" value="4a12ead9-c3b6-4224-9cb7-9cd71d179f25" version="prod"/>

  <Config name="PROJECTVIEW_DOCUMENTCOUNT" value="4a1f634a-7417-4d21-8c66-8172c2449893" version="dev"/>
  <Config name="PROJECTVIEW_DOCUMENTCOUNT" value="180e063d-e906-414f-969a-8c8e0d82f185" version="test"/>
  <Config name="PROJECTVIEW_DOCUMENTCOUNT" value="9eb576da-3c6b-4492-bf7b-b0aed465cb77" version="prod"/>

  <Config name="PROJECTVIEW_PVPDDOCUMENTS" value="6fc15323-bd9d-45c1-9b68-0c60a3f7bc0d" version="dev"/>
  <Config name="PROJECTVIEW_PVPDDOCUMENTS" value="59a4538a-91f4-4472-9835-0cd159e55b45" version="test"/>
  <Config name="PROJECTVIEW_PVPDDOCUMENTS" value="c9fd2ec1-7d71-4f4e-b2ae-169854675506" version="prod"/>



  <Config name="PROJECTVIEW_DETAILS" value="1f1fe4ec-cfe8-420e-9967-5e6a2ae85676" version="dev"/>
  <Config name="PROJECTVIEW_DETAILS" value="27da2d2b-e1df-4522-b743-cde37a772550"/>

  <Config name="PROJECTVIEW" value="016918f2-1efc-43ab-925a-294414501a3e" version="dev"/>
  <Config name="PROJECTVIEW" value="fe14fcb5-bb16-4caf-aaf2-baafa225b906"/>


  <Config name="PROJECTVIEW_LISTLOOKUP" value="71af8b0c-e39b-459f-9ec0-a197846da111" version="dev"/>
  <Config name="PROJECTVIEW_LISTLOOKUP" value="049782d2-7ff4-4066-b36f-8b454b74c008" version="test"/>
  <Config name="PROJECTVIEW_LISTLOOKUP" value="fe1d9fd3-35f8-4e52-92c2-d14882f162c9" version="prod"/>

  <Config name="PROJECTVIEW_FILTER" value="c3114ae5-6210-47da-90c5-444f0a2b5abf" version="dev"/>
  <Config name="PROJECTVIEW_FILTER" value="2364d2cc-af0e-40ff-82a4-07dc6f446979" version="test"/>
  <Config name="PROJECTVIEW_FILTER" value="f970331d-f74f-4962-b558-4be85f716f35" version="prod"/>


  <Config name="PROJECTVIEW2TABLE" value="d70061fe-207e-4cff-b516-fff3416ce3f8" version="dev"/>
  <Config name="PROJECTVIEW2TABLE" value="5002551e-5674-4df3-b645-ec2efabb3cea" version="test"/>
  <Config name="PROJECTVIEW2TABLE" value="d5c2d071-7552-44fc-985a-360e8ea8b087" version="prod"/>

  <Config name="ENTITYTABLE2SPOTFIRE" value="13909658-4174-4b8c-ac71-a071e404710d" version="dev"/>
  <Config name="ENTITYTABLE2SPOTFIRE" value="5df1b9df-33f1-4ab9-8e31-b24b27233c21" version="test"/>
  <Config name="ENTITYTABLE2SPOTFIRE" value="483e52ee-7951-4f8b-9834-84b8cda82e96" version="prod"/>

  <Config name="ENTITYTABLE2SPOTFIREHEATMAP" value="aa688faa-2548-43f7-9826-454229e3c63a" version="dev"/>
  <Config name="ENTITYTABLE2SPOTFIREHEATMAP" value="f8aaa4a5-295a-422c-9efc-00e36fb78f29" version="test"/>
  <Config name="ENTITYTABLE2SPOTFIREHEATMAP" value="b02bb89d-fbf3-46b6-99a2-fb386fca8ec3" version="prod"/>

  <Config name="ENTITYTABLERESULTCACHE2SPOTFIRE" value="13f526e0-737b-44e4-84e9-b30435fb231f" version="dev"/>
  <Config name="ENTITYTABLERESULTCACHE2SPOTFIRE" value="6e661348-c02b-458b-9159-a2d424b96ec8" version="test"/>
  <Config name="ENTITYTABLERESULTCACHE2SPOTFIRE" value="03ff7336-46f5-4558-99dc-641bf5b8afa9" version="prod"/>


  <!--Config name="vqt" version="dev" value="http://smr-dev.amgen.com/vqt"/-->
  <Config name="vqt" value="http://vqt-dev.amgen.com/vqt/home.html" version="dev"/>
  <Config name="vqt" value="http://vqt-test.amgen.com/vqt/home.html" version="test"/>
  <Config name="vqt" value="http://vqt.amgen.com/vqt/home.html" version="prod"/>

  <Config name="ENTITY_TABLE_METHODS_DIR" value="WEB-INF/scripts"/>
  <Config name="HELP_TIPS_DOCUMENT" value="WEB-INF/data/helptips.xml"/>
  <Config name="RG_ADMINISTRATOR_GROUPS" value="dl-rg-dev-team"/>
  <Config name="RG_ADMINISTRATORS" value="rlila"/>


  <Config name="AMGEN_EMAIL_DOMAIN" value="exchange.amgen.com"/>
  <Config name="SUPPORT_EMAILS" value="dl-rg-support-team@exchange.amgen.com"/>

  <Config name="STAFF_IMAGE_URL" value="http://corewww.amgen.com/image/default.asp?staff_id=[STAFF_ID]"/>
  
  
  <Config name="LOG_JDBC" value="RGLOG_JDBC"/>

  <!-- Support Files -->
  <Config name="support_files">
    <Value><![CDATA[
     [{name: 'Research Gateway MyTeams',
        url:'http://myteams.amgen.com/sites/RD_I/ResearchGateway/default.aspx',
        usemht: true},
      {name: 'Research Gateway Help Documents',
        url:'https://myteams.amgen.com/sites/RD_I/ResearchGateway/Handbook/Forms/AllItems.aspx',
        usemht: true}
      ]
      ]]>
    </Value>
  </Config>
  
  <Config name="shared_favorite_email_template">
    <Value><![CDATA[    
  {1} has shared a Research Gateway item with you. <P><P>
  Item: {2} {3}<P><P>
  To open, either <P><P>
  <UL>
  <LI>Launch Research Gateway and locate the item in the Incoming folder of the Favorites app (recommended).<BR> or</LI>
  <LI>Click on the following link: <a href='{4}'>{2}</a></LI>
  </UL>
 ]]>
    </Value>
  </Config>

  <Config name="you_shared_favorite_email_template">
    <Value><![CDATA[    
  You have shared the following Research Gateway item with {1}. <P><P>
  Item: {2} {3}<P><P>
  To open, either <P><P>
  <UL>
  <LI>Launch Research Gateway and locate the item in the Incoming folder of the Favorites app (recommended).<BR> or</LI>
  <LI>Click on the following link: <a href='{4}'>{2}</a></LI>
  </UL>
 ]]>
    </Value>
  </Config>


  <!--Config name="GLOBAL_CACHE_UPDATE_JAR" value="/RG/RG.Cache/RG.CacheBuilder.DEV.jar" version="dev"/-->
  <Config name="GLOBAL_CACHE_UPDATE_JAR" value="C:/Development/Distributions/RG/DEV/RG.CacheBuilder.DEV.jar" version="dev"/>
  
  <Config name="GLOBAL_CACHE_UPDATE_JAR" value="/RG/RG.Cache/RG.CacheBuilder.TEST.jar" version="test"/>
  <Config name="GLOBAL_CACHE_UPDATE_JAR" value="/RG/RG.Cache/RG.CacheBuilder.PROD.jar" version="prod"/>

</RGConfiguration>
