<?xml version="1.0" encoding="UTF-8" ?>
<!DOCTYPE mapper PUBLIC "-//mybatis.org//DTD Mapper 3.0//EN" "http://mybatis.org/dtd/mybatis-3-mapper.dtd">

<mapper namespace="amgen.ri.aig.cache.ora.CacheMapper">  
  
    <update id="clearAllGlobalCache" parameterType="amgen.ri.aig.cache.ora.CacheAdminDao" statementType="CALLABLE" >    
        {#{success,javaType=Integer,jdbcType=NUMERIC,mode=OUT}= call RG.rg_cache_proc.clearAllGlobalCache  }
    </update>

    <delete id="clearGlobalCache" parameterType="String">
        {call RG.rg_cache_proc.clearGlobalCache (#{cacheType})  } 
    </delete> 

    <update id="removeCacheItem" parameterType="amgen.ri.aig.cache.ora.CacheItemDAO" statementType="CALLABLE" >
        {call RG.rg_cache_proc.removeCacheItem (
        #{sessionID},
        #{cacheType},
        #{key})  }       
    </update>     
  

    <update id="getCacheItem" parameterType="amgen.ri.aig.cache.ora.CacheItemDAO" statementType="CALLABLE" >
        {call RG.rg_cache_proc.getCacheItem (
        #{sessionID},
        #{cacheType},
        #{key},
        #{results,javaType=byte[],jdbcType=BLOB,mode=OUT},
        #{offline,javaType=Integer,jdbcType=NUMERIC,mode=OUT})  }       
    </update>   


    <update id="putCacheItem" parameterType="amgen.ri.aig.cache.ora.CacheItemDAO" statementType="CALLABLE" >
        {call RG.rg_cache_proc.putCacheItem (
        #{sessionID},
        #{cacheType},
        #{key},
        #{results},
        #{xml, javaType=org.jdom.Document,jdbcType=CLOB, mode=IN, typeHandler=amgen.ri.aig.cache.ora.XMLTypeHandler},
        #{offline} ) }
         
    </update>   

    <update id="containsCacheItem" parameterType="amgen.ri.aig.cache.ora.CacheItemDAO" statementType="CALLABLE" >
        {#{contains,javaType=Integer,jdbcType=NUMERIC,mode=OUT}= call RG.rg_cache_proc.containsCacheItem (
        #{sessionID},
        #{cacheType},
        #{key}      
        ) }
    </update>   


    <update id="getCacheItems" parameterType="amgen.ri.aig.cache.ora.CacheItemDAO" statementType="CALLABLE" >
        {call RG.rg_cache_proc.getCacheItems (
        #{sessionID},
        #{cacheType},
        #{keys, javaType=java.util.List, jdbcType=ARRAY, jdbcTypeName=TEXT_TABLE_T, mode=IN, typeHandler=amgen.ri.aig.cache.ora.TextArrayTypeHandler},
        #{cacheItems, javaType=java.util.List, jdbcType=ARRAY, jdbcTypeName=BLOB_TABLE_T, mode=OUT, typeHandler=amgen.ri.aig.cache.ora.BlobArrayTypeHandler}      
        ) }
    </update>   
                                         

    <update id="getAllCacheItems" parameterType="amgen.ri.aig.cache.ora.CacheItemDAO" statementType="CALLABLE" >
        {call RG.rg_cache_proc.getAllCacheItems (
        #{sessionID},
        #{cacheType},
        #{cacheItems, javaType=java.util.List, jdbcType=ARRAY, jdbcTypeName=BLOB_TABLE_T, mode=OUT, typeHandler=amgen.ri.aig.cache.ora.BlobArrayTypeHandler}      
        ) }
    </update>   
                                         
                                         
    <update id="getSortedServiceCacheItems" parameterType="amgen.ri.aig.cache.ora.CacheItemDAO" statementType="CALLABLE" >
        {call RG.rg_cache_proc.getSortedServiceCacheItems (
        #{sessionID},
        #{keys, javaType=java.util.List, jdbcType=ARRAY, jdbcTypeName=TEXT_TABLE_T, mode=IN, typeHandler=amgen.ri.aig.cache.ora.TextArrayTypeHandler},
        #{cacheItems, javaType=java.util.List, jdbcType=ARRAY, jdbcTypeName=BLOB_TABLE_T, mode=OUT, typeHandler=amgen.ri.aig.cache.ora.BlobArrayTypeHandler},
        #{offlineKeys, javaType=java.util.List, jdbcType=ARRAY, jdbcTypeName=TEXT_TABLE_T, mode=OUT, typeHandler=amgen.ri.aig.cache.ora.TextArrayTypeHandler},
        #{requestUser},
        #{nameContext}      
        ) }
    </update>   
                                        
    <update id="getOfflineServiceKeys" parameterType="amgen.ri.aig.cache.ora.CacheItemDAO" statementType="CALLABLE" >
        { #{keys, javaType=java.util.List, jdbcType=ARRAY, jdbcTypeName=TEXT_TABLE_T, mode=OUT, 
        typeHandler=amgen.ri.aig.cache.ora.TextArrayTypeHandler}= call RG.rg_cache_proc.getOfflineServiceKeys ( #{sessionID} )      
        }
    </update>   
                               
    <update id="getQueryKeys" parameterType="amgen.ri.aig.cache.ora.CacheItemDAO" statementType="CALLABLE" >
        {call RG.rg_cache_proc.getQueryKeys (
        #{sessionID},
        #{queryKeys, javaType=java.util.List, jdbcType=ARRAY, jdbcTypeName=TEXT_TABLE_T, mode=OUT, typeHandler=amgen.ri.aig.cache.ora.TextArrayTypeHandler}
        ) }
    </update>   
    
    <insert id="insertCacheLog" parameterType="amgen.ri.aig.cache.ora.CacheLogDAO">
        INSERT INTO RG_CACHE_LOG (cache_update_start, cache_update_end, keys_updated, services_updated)
        VALUES (#{cacheUpdateStart}, #{cacheUpdateEnd}, #{keysUpdated}, #{servicesUpdated})
    </insert>    

    <select id="getCacheCounts" resultType= "amgen.ri.aig.cache.ora.CacheCountsDAO" >
        SELECT DECODE(cache_type, 'SERVICEQUERY', 'SERVICE QUERY', cache_type) "cacheType",
        COUNT (cache_type) "numType",
        (SELECT COUNT (*)
        FROM rg_cache
        WHERE off_line = 1) "offLine"
        FROM rg_cache
        GROUP BY cache_type
    </select>

    <select id="getCacheStatus" resultType= "amgen.ri.aig.cache.ora.CacheStatus" >
        SELECT CACHE_UPDATE_START "cacheUpdateStart", 
        CACHE_UPDATE_END "cacheUpdateEnd", 
        KEYS_UPDATED "keysUpdated", 
        SERVICES_UPDATED "servicesUpdated"
        FROM RG_CACHE_LOG
        WHERE CACHE_UPDATE_START = (SELECT MAX (CACHE_UPDATE_START) FROM RG_CACHE_LOG)
    </select>

</mapper>

