<?xml version="1.0"?>
<!--
Research Gateway FileSet Definitions
version: $Id: rg.filesets.definition.xml,v 1.44 2015/12/18 01:01:33 jemcdowe Exp $

This file defines 2 sets of features in RG:

1. The BundleDefinitions element defines Properties which are used in the JAWR utility to create script and CSS bundles
2. The JSFileSets and CSSFileSets elements define Script and Style (CSS) imports for RG

-->
<RGFileSets>
	<!--
JAWR Property Section
-->
  <BundleDefinitions>
    <Property name="jawr.debug.on" value="false"/>
    <Property name="jawr.gzip.on" value="true"/>
    <Property name="jawr.gzip.ie6.on" value="true"/>
    <Property name="jawr.charset.name" value="UTF-8"/>
    <Property name="jawr.factory.use.orphans.mapper" value="false"/>
    <Property name="jawr.config.reload.interval" value="10"/>

		<!--
Define the Research Gateway init bundle,
This include everything in the 
1. init folder
2. overrides folder
-->
    <Property name="jawr.js.bundle.rginit.id" value="/bundles/rginit.js"/>
    <Property name="jawr.js.bundle.rginit.mappings" >
      <Value><![CDATA[
    /js/init/**,
    /js/overrides/**
    ]]>
      </Value>
    </Property>

		<!--
Define the Research Gateway main bundle
-->
    <Property name="jawr.js.bundle.rgmain.id" value="/bundles/rgmain.js"/>
    <Property name="jawr.js.bundle.rgmain.mappings" value="/js/main/**"/>

		<!--
Define the Research Gateway main bundle for resources
-->
    <Property name="jawr.js.bundle.rgmainresources.id" value="/bundles/rgmainresources.js"/>
    <Property name="jawr.js.bundle.rgmainresources.mappings" value="/js/mainresources/**"/>

		<!--
Define the Research Gateway core bundle
-->
    <Property name="jawr.js.bundle.rgcore.id" value="/bundles/rgcore.js"/>
    <Property name="jawr.js.bundle.rgcore.mappings">
      <Value><![CDATA[
    /js/rx/**,
    /js/dialogs/,
    /js/,
    /js/records/,
    /js/lists/,
    /js/maintrees/**,
    /js/favs/,
    /js/projectview/,
    /js/security/**,
    /js/util/**,
    /js/launchpad/,
    /js/loft/**,
    /js/query/
    ]]>
      </Value>
    </Property>
		<!--
Define the Research Gateway project view bundle
-->
    <Property name="jawr.js.bundle.rgprojview.id" value="/bundles/rgprojview.js"/>
    <Property name="jawr.js.bundle.rgprojview.mappings" value="/js/projectview/**"/>
		<!--
Define the Research Gateway table view bundle
-->
    <Property name="jawr.js.bundle.rgtableview.id" value="/bundles/rgtableview.js"/>
    <Property name="jawr.js.bundle.rgtableview.mappings" value="/js/entitytable/**"/>
		
		<!--
Define the Research Gateway core CSS bundle
-->
    <Property name="jawr.css.bundle.rgcss.id" value="/bundles/rg.css"/>
    <Property name="jawr.css.bundle.rgcss.mappings" value="/css/**"/>

		<!--
Define the Research Gateway Ext2 overrides CSS bundle
-->
    <Property name="jawr.css.bundle.rgext2.id" value="/bundles/rgext2.css"/>
    <Property name="jawr.css.bundle.rgext2.mappings" value="/cssux-ext2/**"/>

		<!--
Define the Research Gateway main bundle
-->
    <Property name="jawr.js.bundle.rgfavs.id" value="/bundles/rgfavs.js"/>
    <Property name="jawr.js.bundle.rgfavs.mappings" value="/favs/js/**"/>
		<!--
Define the Research Gateway main bundle
-->
    <Property name="jawr.css.bundle.rgfavscss.id" value="/bundles/rgfavs.css"/>
    <Property name="jawr.css.bundle.rgfavscss.mappings" value="/favs/css/**"/>
  </BundleDefinitions>
	<!--
Define the Research Gateway JavaScript FileSets.
Each FileSet has a name and an option version.
-->
  <JSFileSets>
		<!--
Define the Research Gateway ExtJS source import
-->
    <FileSet name="extjs">
      <filelist>
        <file name="http://uslv-papp-rgb02.amgen.com:9090/extjs/bundles/ext2.jsx"/>
      </filelist>
    </FileSet>

		<!--
Define the Research Gateway supplemental source import
-->
    <FileSet name="supplemental_imports">
      <filelist>
        <file name="http://uslv-papp-rgb02.amgen.com:9090/smsc/cd/structurefield.jsp"/>
        <file name="http://vqt.amgen.com:8888/RGDocRepositoryUI/RGDocRepositoryUI.all.js"/> 
      </filelist>
    </FileSet>

		<!--
Define the Research Gateway project view supplemental source import
-->
    <FileSet name="supplemental_imports.projectview">
      <filelist>
        <file name="http://uslv-papp-rgb02.amgen.com:9090/smsc/cd/structurefield.jsp"/>
        <file name="http://vqt.amgen.com:8888/RGDocumentService/Services/js/RGDocumentUtilities.js"/>
      </filelist>
    </FileSet>

		<!--
Define the Research Gateway init source import- Uses a defined Bundle
-->
    <FileSet name="rginit">
      <filelist>
        <file bundle="true" name="/bundles/rginit.js"/>
      </filelist>
    </FileSet>
		<!--
Define the Research Gateway main source import- Uses a defined Bundle
-->
    <FileSet name="rgmain">
      <filelist>
        <file bundle="true" name="/bundles/rgmain.js"/>
      </filelist>
    </FileSet>
		<!--
Define the Research Gateway core source import- Uses a defined Bundle
-->
    <FileSet name="rgcore">
      <filelist>
        <file bundle="true" name="/bundles/rgcore.js"/>
        <file bundle="true" name="/bundles/rgmainresources.js"/>        
      </filelist>
    </FileSet>

		<!--
Define the Research Gateway main source import- Uses a defined Bundle
-->
    <FileSet name="ext3js">
      <filelist>
        <file name="http://uslv-papp-rgb02.amgen.com:9090/extjs/bundles/ext3.jsx"/>
      </filelist>
    </FileSet>
		<!--
Define the Research Gateway main source import- Uses a defined Bundle
-->
    <FileSet name="ext4js">
      <filelist>
        <file name="http://uslv-papp-rgb02.amgen.com:9090/extjs/bundles/ext4.jsx"/>
      </filelist>
    </FileSet>

		<!--
Define the Research Gateway main source import- Uses a defined Bundle
-->
    <FileSet name="ext4sjs">
      <filelist>
        <file name="http://uslv-papp-rgb02.amgen.com:9090/extjs/bundles/ext4s.jsx"/>
      </filelist>
    </FileSet>

		<!--
Define the Research Gateway main source import- Uses a defined Bundle
-->
    <FileSet name="rgfavs">
      <filelist>
        <file bundle="true" name="/bundles/rgfavs.js"/>
      </filelist>
    </FileSet>
  </JSFileSets>
	<!--
Define the Research Gateway Style/CSS FileSets.
Each FileSet has a name and an option version.
-->
  <CSSFileSets>
		<!--
Define the Research Gateway ExtJS CSS import
-->
    <FileSet name="extjscss">
      <filelist>
        <file name="http://uslv-papp-rgb02.amgen.com:9090/extjs/bundles/ext2.cssx"/>
        <file bundle="true" name="/bundles/rgext2.css"/>
      </filelist>
    </FileSet>
		<!--
Define the Research Gateway suplementals CSS import
-->

    <FileSet name="supplemental_imports_css">
      <filelist>
        <file name="http://vqt.amgen.com:8888/RGDocRepositoryUI/resources/css/RGDocRepositoryUI-debug.all.css"/>
        <file name="http://vqt.amgen.com:8888/RGDocumentService/Services/js/RGDocumentUtilities.css"/>        
      </filelist>
    </FileSet>
		<!--
Define the Research Gateway core CSS import
-->
    <FileSet name="rgcss">
      <filelist>
        <file bundle="true" name="/bundles/rg.css"/>
        <file name="http://rg-resources/css/rg_common.css"/>
      </filelist>
    </FileSet>
		<!--
Define the Research Gateway core CSS import
-->
    <FileSet name="ext3css">
      <filelist>
        <file name="http://uslv-papp-rgb02.amgen.com:9090/extjs/bundles/ext3.cssx"/>
      </filelist>
    </FileSet>
		<!--
Define the Research Gateway core CSS import
-->
    <FileSet name="ext4css">
      <filelist>
        <file name="http://uslv-papp-rgb02.amgen.com:9090/extjs/bundles/ext4.cssx"/>
      </filelist>
    </FileSet>


		<!--
Define the Research Gateway core CSS import
-->
    <FileSet name="ext4scss">
      <filelist>
        <file name="http://uslv-papp-rgb02.amgen.com:9090/extjs/bundles/ext4s.cssx"/>
      </filelist>
    </FileSet>


		<!--
Define the Research Gateway core CSS import
-->
    <FileSet name="rgfavcss">
      <filelist>
        <file bundle="true" name="/bundles/rgfavs.css"/>
      </filelist>
    </FileSet>

		<!--
Define the IX image CSS import
-->
    <FileSet name="ixcss">
      <filelist>
        <file name="http://rg-resources/ix/css/ix_v0-16-24-32-48.css"/>
        <file name="http://rg-resources/ix/css/ix_v1-16-24-32-48.css"/>
      </filelist>
    </FileSet>
  </CSSFileSets>
</RGFileSets>