<?xml version="1.0" encoding="UTF-8" ?>
<!DOCTYPE configuration PUBLIC  "-//mybatis.org//DTD Config 3.0//EN" "http://mybatis.org/dtd/mybatis-3-config.dtd">
<configuration>
  <environments default="rg">
    <environment id="rg-direct">
      <transactionManager type="JDBC" />
      <dataSource type="POOLED">
        <property name="driver" value="oracle.jdbc.OracleDriver" />
        <property name="url" value="jdbc:oracle:thin:@uslv-pdbx-ora13.amgen.com:1771:lv0630p" />
        <property name="username" value="rg" />
        <property name="password" value="RGBg8t4Pr0D#" />        
      </dataSource>                                                   
    </environment>
    
    <environment id="rg">
      <transactionManager type="JDBC" />
      <dataSource type="JNDI">
        <property name="data_source" value="java:comp/env/RG_JDBC" />
      </dataSource>                                  
    </environment>
    
    <environment id="rgdh">
      <transactionManager type="JDBC" />
      <dataSource type="JNDI">
        <property name="data_source" value="java:comp/env/RGDH_JDBC" />
      </dataSource>      
    </environment> 
   
    <environment id="rgsmscl">
      <transactionManager type="JDBC" />
      <dataSource type="JNDI">
        <property name="data_source" value="java:comp/env/RGSMSCL_JDBC" />
      </dataSource>      
    </environment> 
    
  </environments>
  
  <mappers>
    <mapper resource="rg.oil.mapper.xml" />
    <mapper resource="rg.chem_image.mapper.xml" />
    <mapper resource="rg.cache.mapper.xml" />
  </mappers>
  
</configuration>