<?xml version="1.0" encoding="UTF-8" ?>
<!DOCTYPE mapper PUBLIC "-//mybatis.org//DTD Mapper 3.0//EN" "http://mybatis.org/dtd/mybatis-3-mapper.dtd">

<mapper namespace="amgen.ri.aig.entity.oil.OILMapper">
  

    <select id="getEntityTypeXML" resultType= "amgen.ri.aig.entity.EntityTypeXMLDAO" >
SELECT XMLELEMENT (
          "RGEntityTypes",
          XMLAGG (
             XMLELEMENT (
                "RGEntityType",
                XMLAttributes (ET.ENTITY_TYPE AS "name"),
                XMLELEMENT ("Label", ET.LABEL),
                XMLELEMENT (
                   "Oil",
                   XMLAttributes (ET.OIL_CLASS AS "class",
                                  ET.OIL_CODE AS "code")),
                XMLELEMENT (
                   "Style",
                   XMLAttributes (
                      (SELECT style
                         FROM ENTITY_TYPE_STYLES S
                        WHERE     S.ENTITY_TYPE = ET.ENTITY_TYPE
                              AND S.STYLE_TYPE = 'singular') AS "singular",
                      (SELECT style
                         FROM ENTITY_TYPE_STYLES S
                        WHERE     S.ENTITY_TYPE = ET.ENTITY_TYPE
                              AND S.STYLE_TYPE = 'plural') AS "plural",
                      (SELECT style
                         FROM ENTITY_TYPE_STYLES S
                        WHERE     S.ENTITY_TYPE = ET.ENTITY_TYPE
                              AND S.STYLE_TYPE = 'loft') AS "loft")),
                (SELECT XMLAGG (
                           XMLELEMENT (
                              "ServiceInputCategory",
                              XMLAttributes (SI.SERVICEINPUT AS "name"),
                              XMLELEMENT ("RegExPattern", SI.REGEXPATTERN)))
                   FROM ENTITY_TYPES_SERVICE_INPUT SI
                  WHERE SI.ENTITY_TYPE = ET.ENTITY_TYPE)))).getClobVal ()
          "entity_xml"
  FROM ENTITY_TYPES ET 
    </select>  
            
  
  <resultMap id="UIRMap" type="amgen.ri.aig.entity.oil.UIR">
    <constructor>
      <idArg column="DRUID" javaType="string"/>
      <idArg column="TYPE_CODE" javaType="string"/>
      <idArg column="LUID" javaType="string"/>
      <idArg column="PREFERRED_NAME" javaType="string"/>      
    </constructor>  
  </resultMap>     


  <select id="getUIRByDruid" resultMap= "UIRMap">
    SELECT M.PREFERRED_NAME,
    M.DRUID,
    M.LUID,
    M.TYPE_CODE
    FROM RG.OILCONVERT_VW M
    WHERE 
    TYPE_CODE= #{param2}
    AND
    DRUID IN
    <foreach item="item" index="index" collection="param1"
             open="(" separator="," close=")">
      #{item}
    </foreach>  
  </select>

  <select id="getUIRByLuid" resultMap= "UIRMap">
    SELECT M.PREFERRED_NAME,
    M.DRUID,
    M.LUID,
    M.TYPE_CODE
    FROM RG.OILCONVERT_VW M
    WHERE 
    TYPE_CODE= #{param2}
    AND
    LUID IN 
    <foreach item="item" index="index" collection="param1"
             open="(" separator="," close=")">
      #{item}
    </foreach>  
  </select>

  <select id="getUIRByPreferredName" resultMap= "UIRMap">
    SELECT PREFERRED_NAME,
    DRUID,
    LUID,
    TYPE_CODE
    FROM RG.OILCONVERT_VW
    WHERE 
    TYPE_CODE= #{param2}
    AND
    PREFERRED_NAME IN
    <foreach item="item" index="index" collection="param1"
             open="(" separator="," close=")">
      #{item}
    </foreach>      
  </select>
  
</mapper>