<?xml version="1.0"?>
<SQLQueries>
  <SQLQuery name="rg_preference_groups">
    <Description>Retrieves rg_preference_groups</Description>
    <Code>SELECT DISTINCT RGPG.PREFERENCE_GROUP PREFERENCE_GROUP,
			RGP.RG_PREFERENCE_GROUP_ID PREFERENCE_GROUP_ID, RGPG.DISPLAY_ORDER
			FROM RG_PREFERENCES RGP, RG_PREFERENCE_GROUP RGPG, RG_PREFERENCE_TYPE
			RGPT
			WHERE RGP.RG_PREFERENCE_GROUP_ID= RGPG.RG_PREFERENCE_GROUP_ID
			AND
			RGPT.RG_PREFERENCE_TYPE= RGP.RG_PREFERENCE_TYPE AND
			RGPG.EDITABLE='Y'
			ORDER BY RGPG.DISPLAY_ORDER
    </Code>
  </SQLQuery>

  <SQLQuery name="vqt_query_info">
    <Description>Retrieves rg_preference_groups</Description>
    <Code>SELECT QUERY.ENTITY_TYPE_CODE, QUERY.CREATOR,
			QUERY_RUN.DATE_CREATED, QUERY_RUN.DATE_FINISHED, QUERY_RUN.ERROR_ID
			FROM QUERY_RUN, QUERY WHERE QUERY.QUERY_ID = QUERY_RUN.QUERY_ID AND
			QUERY_RUN.QUERY_RUN_ID=:query_run_id
    </Code>
    <Variable>query_run_id</Variable>
  </SQLQuery>

  <SQLQuery name="vqt_load_entitytable">
    <Description>Retrieves rg_preference_groups</Description>
    <Code>SELECT VQT.VQT_LOADER.LOAD_ENTITYTABLE(:query_run_id, :config) FROM DUAL
    </Code>
    <Variable>query_run_id</Variable>
    <Variable>config</Variable>
  </SQLQuery>

  <SQLQuery name="vqt_load_entitytable2resultcache">
    <Description>Retrieves rg_preference_groups</Description>
    <Code>?= CALL VQT.VQT_LOADER.LOAD_ENTITYTABLE2RESULTCACHE(?, ?)
    </Code>
  </SQLQuery>

  <SQLQuery name="people_staffid_from_amgenlogin">
    <Description>Retrieves staff id from a users login
    </Description>
    <Code>select AMGEN_STAFF_ID from local_person where AMGEN_LOGIN=
			:login
    </Code>
    <Variable>login</Variable>
  </SQLQuery>

  <SQLQuery name="people_staffid_from_personid">
    <Description>Retrieves staff id from a users PERSON_ID
    </Description>
    <Code>select AMGEN_STAFF_ID from local_person where PERSON_ID=
			:person_id
    </Code>
    <Variable>person_id</Variable>
  </SQLQuery>

  <SQLQuery name="access_control">
    <Description>Retrieves the access control information
    </Description>
    <Code>SELECT ACCESS_CONTROL_EXTID, EXTID_TYPE, ACCESS_TYPE FROM
			ACCESS_CONTROL WHERE EXTID_TYPE!='DEFAULT'
    </Code>
  </SQLQuery>

  <SQLQuery name="default_access_control">
    <Description>Retrieves the default access control information
    </Description>
    <Code>SELECT ACCESS_CONTROL_EXTID, EXTID_TYPE, ACCESS_TYPE FROM
			ACCESS_CONTROL WHERE ACCESS_CONTROL_EXTID='DEFAULT' AND
			EXTID_TYPE='DEFAULT'
    </Code>
  </SQLQuery>


  <SQLQuery name="assays_text_search">
    <Description>Performs a text (context) search of the
			ASSAY_DETAIL table
    </Description>
    <Code><![CDATA[
select assay_id from RGDH.ASSAY_DETAIL where CONTAINS(INFO_XML, :context_query)> 0
]]>
    </Code>
    <Variable>context_query</Variable>
  </SQLQuery>


  <SQLQuery name="assay_from_assay_id">
    <Description>Retrieves an Assay XML for a given assay_id
    </Description>
    <Code><![CDATA[
SELECT XMLELEMENT (
            "Assays",
            XMLAGG(XMLELEMENT (
                      "Assay",
                      XMLELEMENT ("AssayID", A.ASSAY_ID),
                      XMLELEMENT ("AssayName", A.NAME),
                      XMLELEMENT ("AssayClass", A.ASSAY_CLASS),
                      XMLELEMENT ("AssayCode", A.ASSAY_CODE),
                      XMLELEMENT ("IsRAC", A.IS_RAC),
                      XMLELEMENT (
                         "Species",
                         (SELECT   ATTRIB.VALUE_TEXT
                            FROM   RGDH.ASSAY_ATTRIBUTE attrib
                           WHERE   ATTRIB.ATTRIBUTE_ID =3942
                                   AND ROWNUM <= 1
                                   AND ATTRIB.ASSAY_ID = A.ASSAY_ID)
                      ),
                      XMLELEMENT (
                         "MolecularSpecies",
                         (SELECT   ATTRIB.VALUE_TEXT
                            FROM   RGDH.ASSAY_ATTRIBUTE attrib
                           WHERE   ATTRIB.ATTRIBUTE_ID = 3875
                                   AND ROWNUM <= 1
                                   AND ATTRIB.ASSAY_ID = A.ASSAY_ID)
                      ),
                      XMLELEMENT ("Description", A.DESCRIPTION),
                      (SELECT   XMLAGG(XMLELEMENT (
                                          "ResultTypes",
                                          XMLAttributes (
                                             ART.RESULT_TYPE AS "result_type",
                                             ART.ADS_RESULT_TYPE_ID AS "result_type_id",
                                             ART.ADW_RESULT_TYPE_KEY AS "result_type_key",
                                             ART.DESCRIPTION AS "description",
                                             ART.RESULT_COUNT AS "result_count",
                                             ART.UNIT AS "unit"
                                          )
                                       ))
                         FROM   RGDH.ASSAY_RESULT_TYPE art
                        WHERE   ART.ASSAY_ID = A.ASSAY_ID)
                   ))
         )
  FROM   RGDH.assay a
 WHERE a.assay_id in (:assay_id)
]]>
    </Code>
    <Variable inOperator="Y">assay_id</Variable>
  </SQLQuery>


  <SQLQuery name="assay_from_assay_id_filter_result_types">
    <Description>Retrieves an Assay XML for a given assay_id
			limiting the result types to certain result type keys
    </Description>
    <Code><![CDATA[
SELECT   XMLELEMENT (
            "Assays",
            XMLAGG(XMLELEMENT (
                      "Assay",
                      XMLELEMENT ("AssayID", A.ASSAY_ID),
                      XMLELEMENT ("AssayName", A.NAME),
                      XMLELEMENT ("AssayClass", A.ASSAY_CLASS),
                      XMLELEMENT ("AssayCode", A.ASSAY_CODE),
                      XMLELEMENT ("IsRAC", A.IS_RAC),
                      XMLELEMENT (
                         "Species",
                         (SELECT   ATTRIB.VALUE_TEXT
                            FROM   RGDH.ASSAY_ATTRIBUTE attrib
                           WHERE       ATTRIB.ATTRIBUTE_ID = 3942
                                   AND ROWNUM <= 1
                                   AND ATTRIB.ASSAY_ID = A.ASSAY_ID)
                      ),
                      XMLELEMENT (
                         "MolecularSpecies",
                         (SELECT   ATTRIB.VALUE_TEXT
                            FROM   RGDH.ASSAY_ATTRIBUTE attrib
                           WHERE       ATTRIB.ATTRIBUTE_ID = 3875
                                   AND ROWNUM <= 1
                                   AND ATTRIB.ASSAY_ID = A.ASSAY_ID)
                      ),
                      XMLELEMENT ("Description", A.DESCRIPTION),
                      (SELECT   XMLAGG(XMLELEMENT (
                                          "ResultTypes",
                                          XMLAttributes (
                                             ART.RESULT_TYPE AS "result_type",
                                             ART.ADS_RESULT_TYPE_ID AS "result_type_id",
                                             ART.ADW_RESULT_TYPE_KEY AS "result_type_key",
                                             ART.DESCRIPTION AS "description",
                                             ART.RESULT_COUNT AS "result_count",
                                             ART.UNIT AS "unit"
                                          )
                                       ))
                         FROM   RGDH.ASSAY_RESULT_TYPE art
                        WHERE   ART.ASSAY_ID = A.ASSAY_ID
                                AND ADW_RESULT_TYPE_KEY IN (:result_type_key))
                   ))
         )
  FROM   RGDH.assay a
 WHERE   a.assay_id IN (:assay_id)
]]>
    </Code>
    <Variable inOperator="Y">assay_id</Variable>
    <Variable inOperator="Y">result_type_key
    </Variable>
  </SQLQuery>





  <SQLQuery name="assays_for_assay_id">
    <Description>Retrieves an Assay XML for assay_ids. The assay
			results are either RACs or parent codes depending in the is_rac
			variable
    </Description>
    <Code><![CDATA[
SELECT   XMLELEMENT (
            "Assays",
            XMLAGG(XMLELEMENT (
                      "Assay",
                      XMLELEMENT ("AssayID", A.ASSAY_ID),
                      XMLELEMENT ("AssayName", A.NAME),
                      XMLELEMENT ("AssayClass", A.ASSAY_CLASS),
                      XMLELEMENT ("AssayCode", A.ASSAY_CODE),
                      XMLELEMENT ("IsRAC", A.IS_RAC),
                      XMLELEMENT (
                         "Species",
                         (SELECT   ATTRIB.VALUE_TEXT
                            FROM   RGDH.ASSAY_ATTRIBUTE attrib
                           WHERE       ATTRIB.ATTRIBUTE_ID = 3942
                                   AND ROWNUM <= 1
                                   AND ATTRIB.ASSAY_ID = A.ASSAY_ID)
                      ),
                      XMLELEMENT (
                         "MolecularSpecies",
                         (SELECT   ATTRIB.VALUE_TEXT
                            FROM   RGDH.ASSAY_ATTRIBUTE attrib
                           WHERE       ATTRIB.ATTRIBUTE_ID = 3875
                                   AND ROWNUM <= 1
                                   AND ATTRIB.ASSAY_ID = A.ASSAY_ID)
                      ),
                      XMLELEMENT ("Description", A.DESCRIPTION),
                      (SELECT   XMLAGG(XMLELEMENT (
                                          "ResultTypes",
                                          XMLAttributes (
                                             ART.RESULT_TYPE AS "result_type",
                                             ART.ADS_RESULT_TYPE_ID AS "result_type_id",
                                             ART.ADW_RESULT_TYPE_KEY AS "result_type_key",
                                             ART.DESCRIPTION AS "description",
                                             ART.RESULT_COUNT AS "result_count",
                                             ART.UNIT AS "unit"
                                          )
                                       ))
                         FROM   RGDH.ASSAY_RESULT_TYPE art
                        WHERE   ART.ASSAY_ID = A.ASSAY_ID)
                   ))
         )
  FROM   RGDH.assay a
 WHERE   A.IS_RAC = :is_rac
         AND (a.assay_id in (:assay_id)
              OR A.ASSAY_ID IN (SELECT   rac_id
                                  FROM   RGDH.assay_hierarchy ah
                                 WHERE   AH.ASSAY_ID in (:assay_id)
              OR A.ASSAY_ID IN (SELECT   assay_id
                                  FROM   RGDH.assay_hierarchy ah
                                 WHERE   AH.rac_id in (:assay_id) )))
 ]]>
    </Code>
    <Variable inOperator="Y">assay_id</Variable>
    <Variable>is_rac</Variable>
  </SQLQuery>

  <SQLQuery name="assays_for_assay_id_filter_result_types">
    <Description>Retrieves an Assay XML for assay_ids. The assay
			results are either RACs or parent codes depending in the is_rac
			variable.
			The result types are limited to certain result type keys
    </Description>
    <Code><![CDATA[
SELECT   XMLELEMENT (
            "Assays",
            XMLAGG(XMLELEMENT (
                      "Assay",
                      XMLELEMENT ("AssayID", A.ASSAY_ID),
                      XMLELEMENT ("AssayName", A.NAME),
                      XMLELEMENT ("AssayClass", A.ASSAY_CLASS),
                      XMLELEMENT ("AssayCode", A.ASSAY_CODE),
                      XMLELEMENT ("IsRAC", A.IS_RAC),
                      XMLELEMENT (
                         "Species",
                         (SELECT   ATTRIB.VALUE_TEXT
                            FROM   RGDH.ASSAY_ATTRIBUTE attrib
                           WHERE       ATTRIB.ATTRIBUTE_ID = 3942
                                   AND ROWNUM <= 1
                                   AND ATTRIB.ASSAY_ID = A.ASSAY_ID)
                      ),
                      XMLELEMENT (
                         "MolecularSpecies",
                         (SELECT   ATTRIB.VALUE_TEXT
                            FROM   RGDH.ASSAY_ATTRIBUTE attrib
                           WHERE       ATTRIB.ATTRIBUTE_ID = 3875
                                   AND ROWNUM <= 1
                                   AND ATTRIB.ASSAY_ID = A.ASSAY_ID)
                      ),
                      XMLELEMENT ("Description", A.DESCRIPTION),
                      (SELECT   XMLAGG(XMLELEMENT (
                                          "ResultTypes",
                                          XMLAttributes (
                                             ART.RESULT_TYPE AS "result_type",
                                             ART.ADS_RESULT_TYPE_ID AS "result_type_id",
                                             ART.ADW_RESULT_TYPE_KEY AS "result_type_key",
                                             ART.DESCRIPTION AS "description",
                                             ART.RESULT_COUNT AS "result_count",
                                             ART.UNIT AS "unit"
                                          )
                                       ))
                         FROM   RGDH.ASSAY_RESULT_TYPE art
                        WHERE   ART.ASSAY_ID = A.ASSAY_ID
                                AND ADW_RESULT_TYPE_KEY IN (:result_type_key))
                   ))
         )
  FROM   RGDH.assay a
 WHERE   A.IS_RAC = :is_rac
         AND (a.assay_id IN (:assay_id)
              OR A.ASSAY_ID IN
                      (SELECT   rac_id
                         FROM   RGDH.assay_hierarchy ah
                        WHERE   AH.ASSAY_ID IN (:assay_id)
                                OR A.ASSAY_ID IN
                                        (SELECT   assay_id
                                           FROM   RGDH.assay_hierarchy ah
                                          WHERE   AH.rac_id IN (:assay_id))))
 ]]>
    </Code>
    <Variable inOperator="Y">assay_id</Variable>
    <Variable inOperator="Y">result_type_key
    </Variable>
    <Variable>is_rac</Variable>
  </SQLQuery>

  <SQLQuery name="favorites_without_favorites_folder_item">
    <Description>Retrieves FAVORITE ids that do not have favorite
			folder items
    </Description>
    <Code><![CDATA[
SELECT   F.FAVORITE_ID
  FROM   FAVORITES F
 WHERE   F.CREATED_BY = :amgen_login
MINUS
SELECT   F.FAVORITE_ID
  FROM   FAVORITES F, FAVORITES_FOLDER_ITEM FI
 WHERE       F.CREATED_BY = :amgen_login
         AND F.FAVORITE_ID = FI.ITEM_KEY
         AND FI.ITEM_TYPE = 'FAVORITE'
         AND FI.OWNED_BY = :amgen_login
]]>
    </Code>
    <Variable>amgen_login</Variable>
  </SQLQuery>

  <SQLQuery name="all_favorites_folder_items">
    <Description>Retrieves all favorite folder items of a given
			type
    </Description>
    <Code><![CDATA[
  SELECT   FI.ITEM_KEY
  FROM   FAVORITES_FOLDER_ITEM FI
 WHERE   FI.OWNED_BY = :amgen_login AND FI.ITEM_TYPE = :type
]]>
    </Code>
    <Variable>amgen_login</Variable>
    <Variable>type</Variable>
  </SQLQuery>

  <SQLQuery name="child_folder_item_hierarchy_level">
    <Description>Retrieves the hierarchical level for a child
			favorite folder item in a parent favorite folder.
			No Results- Child is
			not in the parent hierarchy
			1 - Child and parent are the same
			2 - Child
			is an immediate child of the parent
			>3 - Child is a deeper child in
			the parent hierarchy at the given value
			(3= grandchild, 4=
			great-grandchild, ...)
    </Description>
    <Code><![CDATA[SELECT   HIERARCHY_LEVEL, FOLDER_ID
  FROM   (    SELECT   FF.FOLDER_ID, LEVEL HIERARCHY_LEVEL
                FROM   FAVORITES_FOLDER FF
          START WITH   FF.FOLDER_ID = :parent_folder_id
          CONNECT BY   PRIOR FF.FOLDER_ID = FF.PARENT_FOLDER_ID
            ORDER BY   LEVEL ASC)
 WHERE   FOLDER_ID = :folder_id
 ]]>
    </Code>
    <Variable>parent_folder_id</Variable>
    <Variable>folder_id</Variable>
  </SQLQuery>
  <SQLQuery name="folder_item_names_hierarchy">
    <Description>Retrieves the hierarchical path of the given
			folder as folder names- /F1/F2/F3...
    </Description>
    <Code><![CDATA[
		SELECT NAME FROM FAVORITES_FOLDER
		WHERE  FOLDER_ID >= :min_folder_id
		START WITH FOLDER_ID= :folder_id
		CONNECT BY PRIOR PARENT_FOLDER_ID=  FOLDER_ID 
 ]]>
    </Code>
    <Variable>folder_id</Variable>
    <Variable>min_folder_id</Variable>
  </SQLQuery>

  <SQLQuery name="folder_item_ids_hierarchy">
    <Description>Retrieves the hierarchical path of the given
			folder as folder ids- /id1/id2/id3...
    </Description>
    <Code><![CDATA[
		SELECT FOLDER_ID FROM FAVORITES_FOLDER
		WHERE  FOLDER_ID >= :min_folder_id
		START WITH FOLDER_ID= :folder_id
		CONNECT BY PRIOR PARENT_FOLDER_ID=  FOLDER_ID 
 ]]>
    </Code>
    <Variable>folder_id</Variable>
    <Variable>min_folder_id</Variable>
  </SQLQuery>

  <SQLQuery name="folder_item_ids_ordered_by_creation_asc">
    <Description>Retrieves the child member ids of the given
			folder ordered by creation date in ascending order (newest first)
    </Description>
    <Code><![CDATA[
		SELECT FAVORITES_FOLDER_ITEM_ID, ITEM_DATE FROM (
		SELECT FFI.FAVORITES_FOLDER_ITEM_ID, S.SHARED_DATE ITEM_DATE FROM FAVORITES_FOLDER_ITEM FFI, FAVORITES_SHARED S WHERE 
		FFI.FOLDER_ID= :folder_id AND FFI.OWNED_BY= :amgen_login
		AND FFI.ITEM_TYPE= 'SHARED_FAVORITE'
		AND FFI.ITEM_KEY= S.SHARED_FAVORITE_ID
		UNION
		SELECT FFI.FAVORITES_FOLDER_ITEM_ID, F.CREATED FROM FAVORITES_FOLDER_ITEM FFI, FAVORITES F WHERE 
		FFI.FOLDER_ID= :folder_id AND FFI.OWNED_BY=:amgen_login
		AND FFI.ITEM_TYPE= 'FAVORITE'
		AND FFI.ITEM_KEY= F.FAVORITE_ID
		)
		ORDER BY ITEM_DATE DESC
]]>
    </Code>
    <Variable>folder_id</Variable>
    <Variable>amgen_login</Variable>
  </SQLQuery>


  <SQLQuery name="folder_item_ids_for_category">
    <Description>Retrieves the child member ids of the given
			category ordered by creation date in ascending order (newest first)
    </Description>
    <Code><![CDATA[
  SELECT FAVORITES_FOLDER_ITEM_ID, ITEM_DATE
    FROM (SELECT FFI.FAVORITES_FOLDER_ITEM_ID, F.CREATED ITEM_DATE
            FROM FAVORITES_FOLDER_ITEM FFI, FAVORITES F
           WHERE     FFI.ITEM_KEY = F.FAVORITE_ID
                 AND F.CATEGORY = :category
                 AND FFI.OWNED_BY = :amgen_login
          UNION
          SELECT FFI.FAVORITES_FOLDER_ITEM_ID, S.SHARED_DATE ITEM_DATE
            FROM FAVORITES_FOLDER_ITEM FFI, FAVORITES F, FAVORITES_SHARED S
           WHERE     S.FAVORITE_ID = F.FAVORITE_ID
                 AND FFI.ITEM_KEY = S.SHARED_FAVORITE_ID
                 AND F.CATEGORY = :category
                 AND FFI.OWNED_BY = :amgen_login)
ORDER BY ITEM_DATE DESC
]]>
    </Code>
    <Variable>category</Variable>
    <Variable>amgen_login</Variable>
  </SQLQuery>


  <SQLQuery name="folder_items_updater_proc">
    <Description>Calls the Folder Items update procedure</Description>
    <Code><![CDATA[
        BEGIN RG_FAVORITES.UPDATE_FOLDERITEMS(:amgen_login); END;
    ]]>
    </Code>
    <Variable>amgen_login</Variable>
  </SQLQuery>

  <SQLQuery name="get_image_documents_for_user">
    <Description>Gets PNG, GIF, or JPEG image types for a given user</Description>
    <Code><![CDATA[
    SELECT D.DOCUMENT_ID, D.NAME
    FROM DOCUMENTS D, DOCUMENTTYPES DT
    WHERE D.TYPE_ID = DT.TYPE_ID
    AND D.CREATED_BY = :amgen_login
    AND DT.MIMETYPE IN ('image/gif', 'image/png', 'image/jpeg')
    ]]>
    </Code>
    <Variable>amgen_login</Variable>
  </SQLQuery>


  <SQLQuery name="get_image_documents_for_user">
    <Description>Gets PNG, GIF, or JPEG image types for a given user</Description>
    <Code><![CDATA[
    SELECT D.DOCUMENT_ID, D.NAME
    FROM DOCUMENTS D, DOCUMENTTYPES DT
    WHERE D.TYPE_ID = DT.TYPE_ID
    AND D.CREATED_BY = :amgen_login
    AND DT.MIMETYPE IN ('image/gif', 'image/png', 'image/jpeg')
    ]]>
    </Code>
    <Variable>amgen_login</Variable>
  </SQLQuery>


  <SQLQuery name="get_document_name">
    <Description>Gets a document name by ID</Description>
    <Code><![CDATA[
    SELECT DOCUMENT_ID, NAME FROM DOCUMENTS WHERE DOCUMENT_ID = :document_id
    ]]>
    </Code>
    <Variable>document_id</Variable>
  </SQLQuery>


  <SQLQuery name="simple_rdh_person_query">
    <Description>Gets a document name by ID</Description>
    <Code><![CDATA[
SELECT *
  FROM (  SELECT P.PERSON_ID
            FROM SHRDAT.PERSON_MV P
           WHERE    LOWER (P.LAST_NAME) LIKE LOWER (:query)
                 OR LOWER (P.AMGEN_LOGIN) LIKE LOWER (:query)
        ORDER BY LAST_NAME, FAMILIAR_NAME)
 WHERE ROWNUM < 101
    ]]>
    </Code>
    <Variable>query</Variable>
  </SQLQuery>


  <SQLQuery name="simple_rdh_person_firstlast_query">
    <Description>Gets a document name by ID</Description>
    <Code><![CDATA[
SELECT *
  FROM (  SELECT P.PERSON_ID
            FROM SHRDAT.PERSON_MV p
           WHERE     LOWER (P.LAST_NAME) LIKE LOWER (:last)
                 AND (   LOWER (P.FIRST_NAME) LIKE LOWER (:first)
                      OR LOWER (P.FAMILIAR_NAME) LIKE LOWER (:first))
        ORDER BY LAST_NAME, FAMILIAR_NAME)
 WHERE ROWNUM < 101
    ]]>
    </Code>
    <Variable>last</Variable>
    <Variable>first</Variable>
  </SQLQuery>

  <SQLQuery name="simple_rdh_person_lookup_bylogin">
    <Description>Gets a document name by ID</Description>
    <Code><![CDATA[
SELECT P.PERSON_ID
  FROM SHRDAT.PERSON_MV p
 WHERE LOWER (P.AMGEN_LOGIN) = LOWER (:amgen_login)
    ]]>
    </Code>
    <Variable>amgen_login</Variable>
  </SQLQuery>
  


  <SQLQuery name="get_launchpad_app_roles">
    <Description>Returns the available roles (preserving the ID order)</Description>
    <Code><![CDATA[
        SELECT ROLE
  FROM (SELECT ROLE,
               ROW_NUMBER ()
                  OVER (PARTITION BY ROLE ORDER BY RG_DEFAULT_APP_ID)
                  rownumber
          FROM RG_DEFAULT_APPS order by RG_DEFAULT_APP_ID) t
 WHERE rownumber = 1
    ]]>
    </Code>
    <Variable>amgen_login</Variable>
    <Variable>rg_app_role</Variable>
  </SQLQuery>


</SQLQueries>
