<?xml version="1.0" encoding="UTF-8"?>
<resources xmlns:xsi="http://www.w3.org/2001/XMLSchema-instance" xmlns:xsd="http://www.w3.org/2001/XMLSchema" xmlns="urn:uddi-microsoft-com:api_v3_extensions" xmlns:uddi="urn:uddi-org:api_v3">
	<categorizationSchemes>
		<categorizationScheme checked="false">

			<uddi:tModel tModelKey="uddi:f28b33b7-caa4-4001-a93b-372df0ab7ee7">
				<uddi:name>Extended Types Categorization Scheme</uddi:name>
				<uddi:description xml:lang="en">This categorization scheme categorizes additional binding types</uddi:description>
				<uddi:categoryBag>
					<uddi:keyedReference tModelKey="uddi:uddi.org:categorization:types" keyName="types" keyValue="categorization"/>
				</uddi:categoryBag>
			</uddi:tModel>
			<categoryValue keyValue="Service Categorization Type" keyName="Service Categorization Type" isValid="false" parentKeyValue=""/>
			<categoryValue keyValue="Extended Binding Type" keyName="Extended Binding Type" isValid="false" parentKeyValue=""/>

			<!-- Category Values -->
			<categoryValue keyValue="sdSpec" keyName="Specification for a service defined as a Service Descriptor" isValid="true" parentKeyValue="Extended Binding Type"/>
			<categoryValue keyValue="xsdResultSpec" keyName="Specification for the result schema definition (XSD or DTD) of a service or XSLT" isValid="true" parentKeyValue="Extended Binding Type"/>
			<categoryValue keyValue="rawResultSpec" keyName="Specification for a raw result" isValid="true" parentKeyValue="Extended Binding Type"/>
			<categoryValue keyValue="result2XMLSpec" keyName="Specification for a  XML transform (XSLT) to convert native results to another XML. The alternative XML is defined by an XSD in the TModel Instance Overview Doc" isValid="true"
			               parentKeyValue="Extended Binding Type"/>
			<categoryValue keyValue="oraSQLSpec" keyName="Specification for service which directly calls an Oracle database" isValid="true" parentKeyValue="Extended Binding Type"/>
			<categoryValue keyValue="webmethodSpec" keyName="Specification for a POSTed web method service" isValid="true" parentKeyValue="Extended Binding Type"/>
			<categoryValue keyValue="urlmethodSpec" keyName="Defines the URL template for a GET web service including RESTful service URLs" isValid="true" parentKeyValue="Extended Binding Type"/>
			<categoryValue keyValue="extResultSpec" keyName="Specification for an extension of a result definition of a service or XSLT" isValid="true" parentKeyValue="Extended Binding Type"/>

		</categorizationScheme>
	</categorizationSchemes>
</resources>