<?xml version="1.0" encoding="UTF-8"?>
<!-- Service Input Categorization Scheme -->
<resources xmlns="urn:uddi-microsoft-com:api_v3_extensions"
           xmlns:uddi="urn:uddi-org:api_v3"
           xmlns:xsi="http://www.w3.org/2001/XMLSchema-instance">
	<categorizationSchemes>
		<categorizationScheme checked="false">
			<uddi:tModel tModelKey="uddi:d50003b3-a613-4a69-9cfb-a37d01a2d814">
				<uddi:name>Research Gateway Categorization Scheme</uddi:name>
				<uddi:description xml:lang="en">This categorization scheme categorizes additional types for Research Gateway</uddi:description>
				<uddi:categoryBag>
					<uddi:keyedReference tModelKey="uddi:uddi.org:categorization:types"
					                     keyName="types"
					                     keyValue="categorization"/>
				</uddi:categoryBag>
			</uddi:tModel>
			<categoryValue keyValue="Entity Default View"
			               keyName="Entity Default View"
			               isValid="true"
			               parentKeyValue=""/>

			<!-- Quick Search Types -->
			<categoryValue keyValue="Entity Quick Search"
			               keyName="Entity Quick Search"
			               isValid="true"
			               parentKeyValue=""/>


			<categoryValue keyValue="RG Core Categories"
			               keyName="RG Core Categories"
			               isValid="true"
			               parentKeyValue=""/>

			<categoryValue keyValue="RG Query TreeNodes"
			               keyName="RG Query TreeNodes"
			               isValid="true"
			               parentKeyValue="RG Core Categories"/>

			<categoryValue keyValue="RG TreeNodes"
			               keyName="RG TreeNodes"
			               isValid="true"
			               parentKeyValue="RG Core Categories"/>

			<categoryValue keyValue="RG Table Export"
			               keyName="RG Table Export"
			               isValid="true"
			               parentKeyValue="RG Core Categories"/>

			<categoryValue keyValue="RG Service Application"
			               keyName="RG Service Application"
			               isValid="true"
			               parentKeyValue="RG Core Categories"/>



			<categoryValue keyValue="RG Core Services"
			               keyName="RG Core Services"
			               isValid="true"
			               parentKeyValue=""/>

			<categoryValue keyValue="ASSAY_ENTITY_PROPERTIES"
			               keyName="Assay Properties"
			               isValid="true"
			               parentKeyValue="RG Core Services"/>
			<categoryValue keyValue="ASSAY_RESULT_CURVES"
			               keyName="Assay Curve Results"
			               isValid="true"
			               parentKeyValue="RG Core Services"/>
			<categoryValue keyValue="ASSAY_RESULTS"
			               keyName="Assay Results"
			               isValid="true"
			               parentKeyValue="RG Core Services"/>
			<categoryValue keyValue="ASSAY_SEARCH"
			               keyName="Assay Search"
			               isValid="true"
			               parentKeyValue="RG Core Services"/>
			<categoryValue keyValue="COMPOUND_ENTITY_PROPERTIES"
			               keyName="Compound Properties"
			               isValid="true"
			               parentKeyValue="RG Core Services"/>
			<categoryValue keyValue="DOCUMENT_ENTITY_PROPERTIES"
			               keyName="Document Properties"
			               isValid="true"
			               parentKeyValue="RG Core Services"/>
			<categoryValue keyValue="ENTITYTABLE2SPOTFIRE"
			               keyName="Entity Table to Spotfire"
			               isValid="true"
			               parentKeyValue="RG Core Services"/>
			<categoryValue keyValue="ENTITYTABLERESULTCACHE2SPOTFIRE"
			               keyName="Entity Table Result Cache to Spotfire"
			               isValid="true"
			               parentKeyValue="RG Core Services"/>
			<categoryValue keyValue="PROJECTVIEW"
			               keyName="Project View"
			               isValid="true"
			               parentKeyValue="RG Core Services"/>
			<categoryValue keyValue="PROJECTVIEW_DETAILS"
			               keyName="Project View Details"
			               isValid="true"
			               parentKeyValue="RG Core Services"/>
			<categoryValue keyValue="PROJECTVIEW_DOCUMENTCOUNT"
			               keyName="Project View Document Count"
			               isValid="true"
			               parentKeyValue="RG Core Services"/>
			<categoryValue keyValue="PROJECTVIEW_DOCUMENTS"
			               keyName="Project View Documents"
			               isValid="true"
			               parentKeyValue="RG Core Services"/>
			<categoryValue keyValue="PROJECTVIEW_FILTER"
			               keyName="Project View Filter"
			               isValid="true"
			               parentKeyValue="RG Core Services"/>
			<categoryValue keyValue="PROJECTVIEW_LISTLOOKUP"
			               keyName="Project View List Lookup"
			               isValid="true"
			               parentKeyValue="RG Core Services"/>
			<categoryValue keyValue="PROJECTVIEW_PVPDDOCUMENTS"
			               keyName="Project View PD Documents"
			               isValid="true"
			               parentKeyValue="RG Core Services"/>
			<categoryValue keyValue="PROJECTVIEW2TABLE"
			               keyName="Project View to Entity Table"
			               isValid="true"
			               parentKeyValue="RG Core Services"/>
			<categoryValue keyValue="QUICK_SEARCH_SSS"
			               keyName="SSS Quick Search"
			               isValid="true"
			               parentKeyValue="RG Core Services"/>
			<categoryValue keyValue="VQTENGINE"
			               keyName="VQT Engine"
			               isValid="true"
			               parentKeyValue="RG Core Services"/>
		</categorizationScheme>
	</categorizationSchemes>
</resources>