<?xml version="1.0" encoding="UTF-8"?>
<!-- Service Input Categorization Scheme -->
<resources xmlns="urn:uddi-microsoft-com:api_v3_extensions" xmlns:uddi="urn:uddi-org:api_v3"
           xmlns:xsi="http://www.w3.org/2001/XMLSchema-instance">
  <categorizationSchemes>
    <categorizationScheme checked="false">
      <uddi:tModel tModelKey="uddi:bb029f02-a1c1-4f1e-b01a-c0f04c2bf308">
        <uddi:name>Research Gateway Document Types Scheme</uddi:name>
        <uddi:description xml:lang="en">This categorization scheme provides document types for Research Gateway</uddi:description>
        <uddi:categoryBag>
          <uddi:keyedReference tModelKey="uddi:uddi.org:categorization:types" keyName="types" keyValue="categorization" />
        </uddi:categoryBag>
      </uddi:tModel>


      <categoryValue keyValue="MSExcel 2003" keyName="MSExcel 2003" isValid="true" parentKeyValue=""/>
      <categoryValue keyValue="MSExcel 2007" keyName="MSExcel 2007" isValid="true" parentKeyValue=""/>
      <categoryValue keyValue="MSExcel 97" keyName="MSExcel 97" isValid="true" parentKeyValue=""/>
      <categoryValue keyValue="MSWord 2003" keyName="MSWord 2003" isValid="true" parentKeyValue=""/>
      <categoryValue keyValue="MSWord 2007" keyName="MSWord 2007" isValid="true" parentKeyValue=""/>
      <categoryValue keyValue="MSWord 97" keyName="MSWord 97" isValid="true" parentKeyValue=""/>
      <categoryValue keyValue="PowerPoint 2003" keyName="PowerPoint 2003" isValid="true" parentKeyValue=""/>
      <categoryValue keyValue="PowerPoint 97" keyName="PowerPoint 97" isValid="true" parentKeyValue=""/>
      <categoryValue keyValue="Adobe PDF" keyName="Adobe PDF" isValid="true" parentKeyValue=""/>
      <categoryValue keyValue="RTF" keyName="RTF" isValid="true" parentKeyValue=""/>
      <categoryValue keyValue="Bitmap Image" keyName="Bitmap Image" isValid="true" parentKeyValue=""/>
      <categoryValue keyValue="GIF Image" keyName="GIF Image" isValid="true" parentKeyValue=""/>
      <categoryValue keyValue="TIFF Image" keyName="TIFF Image" isValid="true" parentKeyValue=""/>
      <categoryValue keyValue="PNG Image" keyName="PNG Image" isValid="true" parentKeyValue=""/>
      <categoryValue keyValue="JPEG Image" keyName="JPEG Image" isValid="true" parentKeyValue=""/>
      <categoryValue keyValue="Plain Text" keyName="Plain Text" isValid="true" parentKeyValue=""/>
      <categoryValue keyValue="XML Text" keyName="XML Text" isValid="true" parentKeyValue=""/>
      <categoryValue keyValue="CSV Text" keyName="CSV Text" isValid="true" parentKeyValue=""/>
      <categoryValue keyValue="HTML Text" keyName="HTML Text" isValid="true" parentKeyValue=""/>

      <categoryValue keyValue="FastaNA" keyName="FastaNA" isValid="true" parentKeyValue=""/>
      <categoryValue keyValue="FastaAA" keyName="FastaAA" isValid="true" parentKeyValue=""/>
      <categoryValue keyValue="Genbank" keyName="Genbank" isValid="true" parentKeyValue=""/>
      <categoryValue keyValue="Genpept" keyName="Genpept" isValid="true" parentKeyValue=""/>

      <categoryValue keyValue="SpotfireSTDF" keyName="SpotfireSTDF" isValid="true" parentKeyValue=""/>
      
      <categoryValue keyValue="MDL SDFile" keyName="MDL SDFile" isValid="true" parentKeyValue=""/>


    </categorizationScheme>
  </categorizationSchemes>
</resources>