<?xml version="1.0" encoding="UTF-8"?>
<resources xmlns:xsi="http://www.w3.org/2001/XMLSchema-instance" xmlns:xsd="http://www.w3.org/2001/XMLSchema" xmlns="urn:uddi-microsoft-com:api_v3_extensions" xmlns:uddi="urn:uddi-org:api_v3">
	<categorizationSchemes>
		<categorizationScheme checked="false">

			<uddi:tModel tModelKey="uddi:adc68a45-7454-46de-a388-539b89fe8ef9">
				<uddi:name>Research Gateway External Application Properties</uddi:name>
				<uddi:description xml:lang="en">This categorization scheme defines properties for external applications launched from Research Gateway</uddi:description>
				<uddi:categoryBag>
					<uddi:keyedReference tModelKey="uddi:uddi.org:categorization:types" keyName="types" keyValue="categorization"/>
				</uddi:categoryBag>
			</uddi:tModel>
			<categoryValue keyValue="Window" keyName="Window" isValid="false" parentKeyValue=""/>
			<categoryValue keyValue="Attribute" keyName="Attribute" isValid="false" parentKeyValue=""/>

			<!-- Window Values -->
			<categoryValue keyValue="Launch In Blank Window" keyName="Launch In Blank Window" isValid="true" parentKeyValue="Window"/>
			<categoryValue keyValue="Launch In Managed Window" keyName="Launch In Managed Window" isValid="true" parentKeyValue="Window"/>
			<categoryValue keyValue="Launch In Dialog Window" keyName="Launch In Dialog Window" isValid="true" parentKeyValue="Window"/>

			<!-- Attribute Values -->

		</categorizationScheme>
	</categorizationSchemes>
</resources>