<?xml version="1.0" encoding="UTF-8"?>
<resources xmlns="urn:uddi-microsoft-com:api_v3_extensions" xmlns:uddi="urn:uddi-org:api_v3" >
    <categorizationSchemes>
        <categorizationScheme checked="false">
            <uddi:tModel tModelKey="uddi:403eb8df-90c2-4414-b753-cdad741728c4">
                <uddi:name>Research Gateway Entity Type Categorization Scheme</uddi:name>
                <uddi:description xml:lang="en">This categorization scheme categorizes provides entity types for Research Gateway</uddi:description>
                <uddi:overviewDoc>
                    <uddi:overviewURL>http://ussf-papp-dweb1.amgen.com/rg/categorizations/rg_entitytypes_categorizations.xml</uddi:overviewURL>
                </uddi:overviewDoc>
                <uddi:categoryBag>
                    <uddi:keyedReference tModelKey="uddi:uddi.org:categorization:types" keyName="types" keyValue="categorization" />
                </uddi:categoryBag>
            </uddi:tModel>
            <categoryValue keyValue="Default" keyName="Default" isValid="true" parentKeyValue=""/>
            <categoryValue keyValue="Compounds" keyName="Compounds" isValid="true" parentKeyValue=""/>
            <categoryValue keyValue="Substances" keyName="Substances" isValid="true" parentKeyValue=""/>
            <categoryValue keyValue="SMR Structures" keyName="SMR Structures" isValid="true" parentKeyValue=""/>
            <categoryValue keyValue="SMR Molecules" keyName="SMR Molecules" isValid="true" parentKeyValue=""/>
            <categoryValue keyValue="SMR Components" keyName="SMR Components" isValid="true" parentKeyValue=""/>
            <categoryValue keyValue="LM Compounds" keyName="LM Compounds" isValid="true" parentKeyValue=""/>
            <categoryValue keyValue="LM Substances" keyName="LM Substances" isValid="true" parentKeyValue=""/>
			
            <categoryValue keyValue="LMR Expression Systems" keyName="LMR Expression Systems" isValid="true" parentKeyValue=""/>
            <categoryValue keyValue="LMR Protein Lots" keyName="LMR Protein Lots" isValid="true" parentKeyValue=""/>
            <categoryValue keyValue="LMR Constructs" keyName="LMR Constructs" isValid="true" parentKeyValue=""/>
            <categoryValue keyValue="LMR Recombinant Sequences" keyName="LMR Recombinant Sequences" isValid="true" parentKeyValue=""/>
            <categoryValue keyValue="LMR Sequence Sets" keyName="LMR Sequence Sets" isValid="true" parentKeyValue=""/>
            <categoryValue keyValue="LMR Harvests" keyName="LMR Harvests" isValid="true" parentKeyValue=""/>
            <categoryValue keyValue="LMR Requests" keyName="LMR Requests" isValid="true" parentKeyValue=""/>
      
      
            <categoryValue keyValue="Amgen Genes" keyName="Amgen Genes" isValid="true" parentKeyValue=""/>
            <categoryValue keyValue="Biological Structures" keyName="Biological Structures" isValid="true" parentKeyValue=""/>
      
      
            <categoryValue keyValue="RNAi Molecules" keyName="RNAi Molecules" isValid="true" parentKeyValue=""/>
            <categoryValue keyValue="RNAi Experiments" keyName="RNAi Experiments" isValid="true" parentKeyValue=""/>

            <categoryValue keyValue="Protein Sequences" keyName="Protein Sequences" isValid="true" parentKeyValue=""/>
            
            <categoryValue keyValue="Genes" keyName="Genes" isValid="true" parentKeyValue=""/>
            <categoryValue keyValue="Assays" keyName="Assays" isValid="true" parentKeyValue=""/>
            <categoryValue keyValue="Logical Assays" keyName="Logical Assays" isValid="true" parentKeyValue=""/>
            <categoryValue keyValue="Experiments" keyName="Experiments" isValid="true" parentKeyValue=""/>
            <categoryValue keyValue="Studies" keyName="Studies" isValid="true" parentKeyValue=""/>
            <categoryValue keyValue="Watson Studies" keyName="Watson Studies" isValid="true" parentKeyValue=""/>
            <categoryValue keyValue="Watson PK Studies" keyName="Watson PK Studies" isValid="true" parentKeyValue=""/>
            <categoryValue keyValue="Watson TK Studies" keyName="Watson TK Studies" isValid="true" parentKeyValue=""/>
            <categoryValue keyValue="Watson PD Studies" keyName="Watson PD Studies" isValid="true" parentKeyValue=""/>
            <categoryValue keyValue="Study Log in vivo Studies" keyName="Study Log in vivo Studies" isValid="true" parentKeyValue=""/>
                        
                        
            <categoryValue keyValue="Squid Nucleotide Sequences" keyName="Squid Nucleotide Sequences" isValid="true" parentKeyValue=""/>
            <categoryValue keyValue="Squid Protein Sequences" keyName="Squid Protein Sequences" isValid="true" parentKeyValue=""/>
            <categoryValue keyValue="Nucleotide Accession Numbers" keyName="Nucleotide Accession Numbers" isValid="true" parentKeyValue=""/>
            <categoryValue keyValue="Protein Accession Numbers" keyName="Protein Accession Numbers" isValid="true" parentKeyValue=""/>
            <categoryValue keyValue="Galileo Studies" keyName="Galileo Studies" isValid="true" parentKeyValue=""/>
            <categoryValue keyValue="Plates" keyName="Plates" isValid="true" parentKeyValue=""/>
            <categoryValue keyValue="Mosaic Plates" keyName="Mosaic Plates" isValid="true" parentKeyValue=""/>
            <categoryValue keyValue="Projects" keyName="Projects" isValid="true" parentKeyValue=""/>
            <categoryValue keyValue="People" keyName="People" isValid="true" parentKeyValue=""/>
            <categoryValue keyValue="Notebooks" keyName="Notebooks" isValid="true" parentKeyValue=""/>
            <categoryValue keyValue="Documents" keyName="Documents" isValid="true" parentKeyValue=""/>
            <categoryValue keyValue="Folders" keyName="Folders" isValid="true" parentKeyValue=""/>
            <categoryValue keyValue="Assay Types" keyName="Assay Types" isValid="true" parentKeyValue=""/>
            <categoryValue keyValue="Logical Assay Types" keyName="Logical Assay Types" isValid="true" parentKeyValue=""/>
            <categoryValue keyValue="Dates" keyName="Dates" isValid="true" parentKeyValue=""/>
            <categoryValue keyValue="Data Analyses" keyName="Data Analyses" isValid="true" parentKeyValue=""/>
            <categoryValue keyValue="Cast Experiments" keyName="Cast Experiments" isValid="true" parentKeyValue=""/>
            <categoryValue keyValue="Secreted Proteins" keyName="Secreted Proteins" isValid="true" parentKeyValue=""/>
            <categoryValue keyValue="Constructs" keyName="Constructs" isValid="true" parentKeyValue=""/>
            <categoryValue keyValue="Construct Lots" keyName="Construct Lots" isValid="true" parentKeyValue=""/>
            <categoryValue keyValue="Construct Studies" keyName="Construct Studies" isValid="true" parentKeyValue=""/>
            <categoryValue keyValue="Cell Culture Runs" keyName="Cell Culture Runs" isValid="true" parentKeyValue=""/>
            <categoryValue keyValue="Array Server Projects" keyName="Array Server Projects" isValid="true" parentKeyValue=""/>
            <categoryValue keyValue="Pathways" keyName="Pathways" isValid="true" parentKeyValue=""/>
            <categoryValue keyValue="Amgen Drug Targets" keyName="Amgen Drug Targets" isValid="true" parentKeyValue=""/>
            <categoryValue keyValue="Ames Mutagenic Results" keyName="Ames Mutagenic Results" isValid="true" parentKeyValue=""/>
            <categoryValue keyValue="Omics Datasets" keyName="Omics Datasets" isValid="true" parentKeyValue=""/>
            <categoryValue keyValue="Omics Projects" keyName="Omics Projects" isValid="true" parentKeyValue=""/>
            <categoryValue keyValue="Omics SampleSets" keyName="Omics SampleSets" isValid="true" parentKeyValue=""/>
            <categoryValue keyValue="Omics Samples" keyName="Omics Samples" isValid="true" parentKeyValue=""/>
                        
            <categoryValue keyValue="Genomic Profiling Datasets" keyName="Genomic Profiling Datasets" isValid="true" parentKeyValue=""/>


            <categoryValue keyValue="Modified Large Molecules" keyName="Modified Large Molecules" isValid="true" parentKeyValue=""/>
            <categoryValue keyValue="Large Molecules" keyName="Large Molecules" isValid="true" parentKeyValue=""/>

        </categorizationScheme>
    </categorizationSchemes>
</resources>