<?xml version="1.0" encoding="UTF-8"?>
<resources xmlns="urn:uddi-microsoft-com:api_v3_extensions" xmlns:uddi="urn:uddi-org:api_v3"
           xmlns:xsi="http://www.w3.org/2001/XMLSchema-instance">
	<categorizationSchemes>
		<categorizationScheme checked="false">
			<uddi:tModel tModelKey="uddi:888cce28-ddbb-47cb-a5d8-40dd95625d54">
				<uddi:name>Research Gateway Service Input Categorization Scheme</uddi:name>
				<uddi:description xml:lang="en">This categorization scheme categorizes specialized service input parameters types for Research Gateway</uddi:description>
				<uddi:categoryBag>
					<uddi:keyedReference tModelKey="uddi:uddi.org:categorization:types" keyName="types" keyValue="categorization"/>
				</uddi:categoryBag>
			</uddi:tModel>
			<categoryValue keyValue="Entity Table XML" keyName="Entity Table XML" isValid="true" parentKeyValue=""/>

			<categoryValue keyValue="Entity Quick Search Parameter" keyName="Entity Quick Search Parameter" isValid="true" parentKeyValue=""/>
		</categorizationScheme>
	</categorizationSchemes>
</resources>