<?xml version="1.0" encoding="UTF-8"?>
<!-- Service Input Categorization Scheme -->
<resources xmlns="urn:uddi-microsoft-com:api_v3_extensions" xmlns:uddi="urn:uddi-org:api_v3">
  <categorizationSchemes>
    <categorizationScheme checked="false">
      <uddi:tModel tModelKey="uddi:23cce504-73d3-4720-97eb-896f65a0518c">
        <uddi:name>Research Gateway Service Organization Scheme</uddi:name>
        <uddi:description xml:lang="en">This categorization scheme organizes services for Research Gateway</uddi:description>
        <uddi:overviewDoc>
          <uddi:overviewURL>http://ussf-papp-dweb1.amgen.com/rg/categorizations/rg_serviceorg_categorizations.xml</uddi:overviewURL>
        </uddi:overviewDoc>
        <uddi:categoryBag>
					<uddi:keyedReference tModelKey="uddi:uddi.org:categorization:types" keyName="types" keyValue="categorization"/>
        </uddi:categoryBag>
      </uddi:tModel>

      <categoryValue keyValue="Compound Information" keyName="Compound Information" isValid="true" parentKeyValue=""/>
      <categoryValue keyValue="Large Molecule Information" keyName="Large Molecule Information" isValid="true" parentKeyValue=""/>
      <categoryValue keyValue="Gene Information" keyName="Gene Information" isValid="true" parentKeyValue=""/>
      <categoryValue keyValue="Target Information" keyName="Target Information" isValid="true" parentKeyValue=""/>
      <categoryValue keyValue="Inventory Information" keyName="Inventory Information" isValid="true" parentKeyValue=""/>
      <categoryValue keyValue="Sequence Information" keyName="Sequence Information" isValid="true" parentKeyValue=""/>
      <categoryValue keyValue="Assay Data" keyName="Assay Data" isValid="true" parentKeyValue=""/>
      <categoryValue keyValue="PK Data" keyName="PK Data" isValid="true" parentKeyValue=""/>
      <categoryValue keyValue="Vendor Subscriptions" keyName="Vendor Subscriptions" isValid="true" parentKeyValue=""/>
      <categoryValue keyValue="Legacy Data" keyName="Legacy Data" isValid="true" parentKeyValue=""/>
      <categoryValue keyValue="Customized Assay Stat Tool(CAST)" keyName="Customized Assay Stat Tool(CAST)" isValid="true" parentKeyValue=""/>


    </categorizationScheme>
  </categorizationSchemes>
</resources>