<?xml version="1.0" encoding="UTF-8"?>
<!-- Service Type Categorization Scheme -->
<resources xmlns="urn:uddi-microsoft-com:api_v3_extensions" xmlns:uddi="urn:uddi-org:api_v3" >
	<categorizationSchemes>
		<categorizationScheme checked="false">
			<uddi:tModel tModelKey="uddi:6c41e2cd-c767-416d-b8d3-1ad7dfec5909">
				<uddi:name>Service Type Categorization Scheme</uddi:name>
				<uddi:description xml:lang="en">This categorization scheme categorizes services by input type</uddi:description>
				<uddi:categoryBag>
					<uddi:keyedReference tModelKey="uddi:uddi.org:categorization:types" keyName="types" keyValue="categorization"/>
				</uddi:categoryBag>
			</uddi:tModel>
			<categoryValue keyValue="Service Type" keyName="Service Type" isValid="false" parentKeyValue=""/>

			<!-- Cheminformatics Service Types -->
			<categoryValue keyValue="Cheminformatics" keyName="Cheminformatics" isValid="true" parentKeyValue="Service Type"/>
        		<categoryValue keyValue="Biophysical Properties" keyName="Biophysical Properties" isValid="true" parentKeyValue="Cheminformatics"/>
  				<categoryValue keyValue="Compound Availability" keyName="Compound Availability" isValid="true" parentKeyValue="Cheminformatics"/>
	  		  		<categoryValue keyValue="In-house Compound Availability" keyName="In-house Compound Availability" isValid="true" parentKeyValue="Compound Availability"/>
		  	  		<categoryValue keyValue="Commercial Compound Availability" keyName="Commercial Compound Availability" isValid="true" parentKeyValue="Compound Availability"/>
				<categoryValue keyValue="Literature/Filing Information" keyName="Literature/Filing Information" isValid="true" parentKeyValue="Cheminformatics"/>
				<categoryValue keyValue="Toxicity/ADME Properties" keyName="Toxicity/ADME Properties" isValid="true" parentKeyValue="Cheminformatics"/>
				<categoryValue keyValue="Screening" keyName="Screening" isValid="true" parentKeyValue="Cheminformatics"/>
			<!-- Bioinformatics Service Types -->
			<categoryValue keyValue="Bioinformatics" keyName="Bioinformatics" isValid="true" parentKeyValue="Service Type"/>
				<categoryValue keyValue="Database Searching" keyName="Database Searching" isValid="true" parentKeyValue="Bioinformatics"/>
  					<categoryValue keyValue="Sequence Searching" keyName="Sequence Searching" isValid="true" parentKeyValue="Database Searching"/>
	  				<categoryValue keyValue="HMM Searching" keyName="HMM Searching" isValid="true" parentKeyValue="Database Searching"/>
		  			<categoryValue keyValue="Motif Searching" keyName="Motif Searching" isValid="true" parentKeyValue="Database Searching"/>
			  		<categoryValue keyValue="Entry Retrieval" keyName="Entry Retrieval" isValid="true" parentKeyValue="Database Searching"/>
				<categoryValue keyValue="Protein Topology and Localization" keyName="Protein Topology and Localization" isValid="true" parentKeyValue="Bioinformatics"/>
				<categoryValue keyValue="Phylogenetic and Evolutionary Analysis" keyName="Phylogenetic and Evolutionary Analysis" isValid="true" parentKeyValue="Bioinformatics"/>
				<categoryValue keyValue="Sequence Alignment and Comparison" keyName="Sequence Alignment and Comparison" isValid="true" parentKeyValue="Bioinformatics"/>
					<categoryValue keyValue="Pairwise Sequence Alignment" keyName="Pairwise Sequence Alignment" isValid="true" parentKeyValue="Sequence Alignment and Comparison"/>
					<categoryValue keyValue="Multiple Sequence Alignment" keyName="Multiple Sequence Alignment" isValid="true" parentKeyValue="Sequence Alignment and Comparison"/>
				<categoryValue keyValue="RNA-DNA and Protein Analysis" keyName="RNA-DNA and Protein Analysis" isValid="true" parentKeyValue="Bioinformatics"/>
					<categoryValue keyValue="Oligomer Design" keyName="Oligomer Design" isValid="true" parentKeyValue="RNA-DNA and Protein Analysis"/>
						<categoryValue keyValue="Primer Prediction" keyName="Primer Prediction" isValid="true" parentKeyValue="Oligomer Design"/>
			    		<categoryValue keyValue="siRNA Design" keyName="siRNA Design" isValid="true" parentKeyValue="Oligomer Design"/>
	     			<categoryValue keyValue="Thermodynamics Prediction" keyName="Thermodynamics Prediction" isValid="true" parentKeyValue="RNA-DNA and Protein Analysis"/>
					<categoryValue keyValue="RNA Folding" keyName="RNA Folding" isValid="true" parentKeyValue="RNA-DNA and Protein Analysis"/>
				<categoryValue keyValue="Enzyme Mapping" keyName="Enzyme Mapping" isValid="true" parentKeyValue="Bioinformatics"/>
				<categoryValue keyValue="Translation" keyName="Translation" isValid="true" parentKeyValue="Bioinformatics"/>
				  <categoryValue keyValue="Identifier Translation" keyName="Identifier Translation" isValid="true" parentKeyValue="Translation"/>
				  <categoryValue keyValue="Ortholog Translation" keyName="Ortholog Translation" isValid="true" parentKeyValue="Translation"/>
				  <categoryValue keyValue="Protein Translation" keyName="Protein Translation" isValid="true" parentKeyValue="Translation"/>
				<categoryValue keyValue="Expression Analysis" keyName="Expression Analysis" isValid="true" parentKeyValue="Bioinformatics"/>
			  		<categoryValue keyValue="Electronic Northern" keyName="Electronic Northern" isValid="true" parentKeyValue="Expression Analysis"/>
			  		<categoryValue keyValue="Microarray Analysis" keyName="Microarray Analysis" isValid="true" parentKeyValue="Expression Analysis"/>

			  	<!-- General Information Service Types -->
				<categoryValue keyValue="General Information" keyName="General Information" isValid="true" parentKeyValue="Service Type"/>
        			<categoryValue keyValue="LDAP Information" keyName="LDAP Information" isValid="true" parentKeyValue="General Information"/>
		</categorizationScheme>
	</categorizationSchemes>
</resources>