<?xml version="1.0" encoding="utf-8"?>
<resources xmlns:xsi="http://www.w3.org/2001/XMLSchema-instance" xmlns:xsd="http://www.w3.org/2001/XMLSchema" xmlns="urn:uddi-microsoft-com:api_v3_extensions">
  <categorizationSchemes>
    <categorizationScheme checked="false">
      <tModel tModelKey="uddi:43be0062-108a-432c-ba30-e70a71a66d30" deleted="false" xmlns="urn:uddi-org:api_v3">
        <name>Service Input Categorization Scheme</name>
        <description xml:lang="en">This categorization scheme categorizes services by input type</description>
        <overviewDoc>
          <overviewURL>http://rg-resources/categorizations/serviceinput_categorization.xml</overviewURL>
        </overviewDoc>
        <categoryBag>
          <keyedReference tModelKey="uddi:uddi.org:categorization:types" keyName="types" keyValue="categorization" />
        </categoryBag>
      </tModel>
      <categoryValue keyName="Service Input Type" keyValue="Service Input Type" parentKeyValue="" isValid="false" />
      <categoryValue keyName="Array Server" keyValue="Array Server" parentKeyValue="Service Input Type" isValid="true" />
      <categoryValue keyName="Array Server Project Identifier" keyValue="Array Server Project Identifier" parentKeyValue="Array Server" isValid="true" />
      <categoryValue keyName="Assay" keyValue="Assay" parentKeyValue="Service Input Type" isValid="true" />
      <categoryValue keyName="Assay Curve" keyValue="Assay Curve" parentKeyValue="Assay" isValid="true" />
      <categoryValue keyName="ADW Curve" keyValue="ADW Curve" parentKeyValue="Assay Curve" isValid="true" />
      <categoryValue keyName="Screener Curve" keyValue="Screener Curve" parentKeyValue="Assay Curve" isValid="true" />
      <categoryValue keyName="Assay Identifier" keyValue="Assay Identifier" parentKeyValue="Assay" isValid="true" />
      <categoryValue keyName="Assay Result Type" keyValue="Assay Result Type" parentKeyValue="Assay" isValid="true" />
      <categoryValue keyName="Assay Result Type Identifier" keyValue="Assay Result Type Identifier" parentKeyValue="Assay" isValid="true" />
      <categoryValue keyName="Assay Type" keyValue="Assay Type" parentKeyValue="Assay" isValid="true" />
      <categoryValue keyName="Experiment Identifier" keyValue="Experiment Identifier" parentKeyValue="Assay" isValid="true" />
      <categoryValue keyName="Logical Assay Identifier" keyValue="Logical Assay Identifier" parentKeyValue="Assay" isValid="true" />
      <categoryValue keyName="Study Identifier" keyValue="Study Identifier" parentKeyValue="Assay" isValid="true" />
      <categoryValue keyName="Galileo Study Identifier" keyValue="Galileo Study Identifier" parentKeyValue="Study Identifier" isValid="true" />
      <categoryValue keyName="Watson Study Identifier" keyValue="Watson Study Identifier" parentKeyValue="Study Identifier" isValid="true" />
      <categoryValue keyName="Watson PD Study Identifier" keyValue="Watson PD Study Identifier" parentKeyValue="Watson Study Identifier" isValid="true" />
      <categoryValue keyName="Watson PK Study Identifier" keyValue="Watson PK Study Identifier" parentKeyValue="Watson Study Identifier" isValid="true" />
      <categoryValue keyName="Watson TK Study Identifier" keyValue="Watson TK Study Identifier" parentKeyValue="Watson Study Identifier" isValid="true" />
      <categoryValue keyName="Biology" keyValue="Biology" parentKeyValue="Service Input Type" isValid="true" />
      <categoryValue keyName="Construct Identifier" keyValue="Construct Identifier" parentKeyValue="Biology" isValid="true" />
      <categoryValue keyName="Construct Lot Identifier" keyValue="Construct Lot Identifier" parentKeyValue="Biology" isValid="true" />
      <categoryValue keyName="Construct Study Identifier" keyValue="Construct Study Identifier" parentKeyValue="Biology" isValid="true" />
      <categoryValue keyName="Cell Culture Run Identifier" keyValue="Cell Culture Run Identifier" parentKeyValue="Biology" isValid="true" />

      <categoryValue keyName="Study Log Study Identifier" keyValue="Study Log Study Identifier" parentKeyValue="Study Identifier" isValid="true" />    
      
      <categoryValue keyName="Gene" keyValue="Gene" parentKeyValue="Biology" isValid="true" />
      <categoryValue keyName="Gene Identifier" keyValue="Gene Identifier" parentKeyValue="Gene" isValid="true" />
      <categoryValue keyName="Amgen Gene Identifier" keyValue="Amgen Gene Identifier" parentKeyValue="Gene Identifier" isValid="true" />

      <categoryValue keyName="Amgen Drug Target Identifier" keyValue="Amgen Drug Target Identifier" parentKeyValue="Biology" isValid="true" />

      <categoryValue keyName="Ensembl Identifier" keyValue="Ensembl Identifier" parentKeyValue="Gene Identifier" isValid="true" />
      <categoryValue keyName="EntrezGene Identifier" keyValue="EntrezGene Identifier" parentKeyValue="Gene Identifier" isValid="true" />
      <categoryValue keyName="Unigene Identifier" keyValue="Unigene Identifier" parentKeyValue="Gene Identifier" isValid="true" />
      <categoryValue keyName="Gene Symbol" keyValue="Gene Symbol" parentKeyValue="Gene" isValid="true" />
      <categoryValue keyName="Gene Text Query" keyValue="Gene Text Query" parentKeyValue="Gene" isValid="true" />
      <categoryValue keyName="Genetic Variations" keyValue="Genetic Variations" parentKeyValue="Biology" isValid="true" />
      <categoryValue keyName="SNP" keyValue="SNP" parentKeyValue="Genetic Variations" isValid="true" />
      <categoryValue keyName="dbSNP Identifier" keyValue="dbSNP Identifier" parentKeyValue="SNP" isValid="true" />
      <categoryValue keyName="Molecular" keyValue="Molecular" parentKeyValue="Biology" isValid="true" />
      <categoryValue keyName="Amgen Sequence Identifier" keyValue="Amgen Sequence Identifier" parentKeyValue="Molecular" isValid="true" />
      <categoryValue keyName="SQUID Identifier" keyValue="SQUID Identifier" parentKeyValue="Amgen Sequence Identifier" isValid="true" />
      <categoryValue keyName="SQUID Nucleotide Sequence Identifier" keyValue="SQUID Nucleotide Sequence Identifier" parentKeyValue="SQUID Identifier" isValid="true" />
      <categoryValue keyName="SQUID Protein Sequence Identifier" keyValue="SQUID Protein Sequence Identifier" parentKeyValue="SQUID Identifier" isValid="true" />
      <categoryValue keyName="Biological Structure" keyValue="Biological Structure" parentKeyValue="Molecular" isValid="true" />
      <categoryValue keyName="PDB" keyValue="PDB" parentKeyValue="Biological Structure" isValid="true" />
      <categoryValue keyName="PDB Identifier" keyValue="PDB Identifier" parentKeyValue="PDB" isValid="true" />
      <categoryValue keyName="PDB Structure" keyValue="PDB Structure" parentKeyValue="PDB" isValid="true" />
      <categoryValue keyName="PSilo Identifier" keyValue="PSilo Identifier" parentKeyValue="Biological Structure" isValid="true" />
      <categoryValue keyName="External Sequence Identifier" keyValue="External Sequence Identifier" parentKeyValue="Molecular" isValid="true" />
      <categoryValue keyName="Nucleotide Identifier" keyValue="Nucleotide Identifier" parentKeyValue="External Sequence Identifier" isValid="true" />
      <categoryValue keyName="Genbank Identifier" keyValue="Genbank Identifier" parentKeyValue="Nucleotide Identifier" isValid="true" />
      <categoryValue keyName="Nucleotide Accession Number" keyValue="Nucleotide Accession Number" parentKeyValue="Nucleotide Identifier" isValid="true" />
      <categoryValue keyName="Refseq Identifier" keyValue="Refseq Identifier" parentKeyValue="Nucleotide Identifier" isValid="true" />
      <categoryValue keyName="Protein Identifier" keyValue="Protein Identifier" parentKeyValue="External Sequence Identifier" isValid="true" />
      <categoryValue keyName="Protein Accession Number" keyValue="Protein Accession Number" parentKeyValue="Protein Identifier" isValid="true" />
      <categoryValue keyName="RefseqP Identifier" keyValue="RefseqP Identifier" parentKeyValue="Protein Identifier" isValid="true" />
      <categoryValue keyName="Secreted Protein Identifier" keyValue="Secreted Protein Identifier" parentKeyValue="Protein Identifier" isValid="true" />
      <categoryValue keyName="Uniprot Identifier" keyValue="Uniprot Identifier" parentKeyValue="Protein Identifier" isValid="true" />
      <categoryValue keyName="Protein Sequence Identity Identifier" keyValue="Protein Sequence Identity Identifier" parentKeyValue="Molecular" isValid="true" />
      <categoryValue keyName="RNAI Identifier" keyValue="RNAI Identifier" parentKeyValue="Molecular" isValid="true" />
      <categoryValue keyName="Omics" keyValue="Omics" parentKeyValue="Biology" isValid="true" />
      <categoryValue keyName="Omics Hub Datasets Identifier" keyValue="Omics Hub Datasets Identifier" parentKeyValue="Omics" isValid="true" />
      <categoryValue keyName="Omics Project Identifier" keyValue="Omics Project Identifier" parentKeyValue="Omics" isValid="true" />
      <categoryValue keyName="Omics Dataset Identifier" keyValue="Omics Dataset Identifier" parentKeyValue="Omics" isValid="true" />
      <categoryValue keyName="Omics Sample Identifier" keyValue="Omics Sample Identifier" parentKeyValue="Omics" isValid="true" />
      <categoryValue keyName="Omics SampleSet Identifier" keyValue="Omics SampleSet Identifier" parentKeyValue="Omics" isValid="true" />
      <categoryValue keyName="Pathway" keyValue="Pathway" parentKeyValue="Biology" isValid="true" />
      <categoryValue keyName="Pathway Identifier" keyValue="Pathway Identifier" parentKeyValue="Pathway" isValid="true" />
      <categoryValue keyName="RNAi Experiment Identifier" keyValue="RNAi Experiment Identifier" parentKeyValue="Biology" isValid="true" />
      <categoryValue keyName="Communications" keyValue="Communications" parentKeyValue="Service Input Type" isValid="true" />
      <categoryValue keyName="Document" keyValue="Document" parentKeyValue="Communications" isValid="true" />
      <categoryValue keyName="Document Query" keyValue="Document Query" parentKeyValue="Document" isValid="true" />
      <categoryValue keyName="Folder" keyValue="Folder" parentKeyValue="Communications" isValid="true" />
      <categoryValue keyName="Notebook" keyValue="Notebook" parentKeyValue="Communications" isValid="true" />
      <categoryValue keyName="Notebook Identifier" keyValue="Notebook Identifier" parentKeyValue="Notebook" isValid="true" />
      <categoryValue keyName="Data Analysis" keyValue="Data Analysis" parentKeyValue="Service Input Type" isValid="true" />
      <categoryValue keyName="CAST Experiment Identifier" keyValue="CAST Experiment Identifier" parentKeyValue="Data Analysis" isValid="true" />
      <categoryValue keyName="Date" keyValue="Date" parentKeyValue="Service Input Type" isValid="true" />
      <categoryValue keyName="Date Range" keyValue="Date Range" parentKeyValue="Date" isValid="true" />
      <categoryValue keyName="Geography" keyValue="Geography" parentKeyValue="Service Input Type" isValid="true" />
      <categoryValue keyName="Amgen Site" keyValue="Amgen Site" parentKeyValue="Geography" isValid="true" />
      <categoryValue keyName="Labware" keyValue="Labware" parentKeyValue="Service Input Type" isValid="true" />
      <categoryValue keyName="Plate Identifier" keyValue="Plate Identifier" parentKeyValue="Labware" isValid="true" />
      <categoryValue keyName="Mosaic Barcode" keyValue="Mosaic Barcode" parentKeyValue="Plate Identifier" isValid="true" />
      <categoryValue keyName="Large Molecule Chemistry" keyValue="Large Molecule Chemistry" parentKeyValue="Service Input Type" isValid="true" />
      <categoryValue keyName="Large Molecule Identifier" keyValue="Large Molecule Identifier" parentKeyValue="Large Molecule Chemistry" isValid="true" />
      <categoryValue keyName="Amgen LM Root ID" keyValue="Amgen LM Root ID" parentKeyValue="Large Molecule Identifier" isValid="true" />
      <categoryValue keyName="Amgen LM Substance ID" keyValue="Amgen LM Substance ID" parentKeyValue="Large Molecule Identifier" isValid="true" />
      <categoryValue keyName="LMR Identifier" keyValue="LMR Identifier" parentKeyValue="Large Molecule Identifier" isValid="true" />
      <categoryValue keyName="LMR Construct ID" keyValue="LMR Construct ID" parentKeyValue="LMR Identifier" isValid="true" />
      <categoryValue keyName="LMR Expr System ID" keyValue="LMR Expr System ID" parentKeyValue="LMR Identifier" isValid="true" />
      <categoryValue keyName="LMR Harvest ID" keyValue="LMR Harvest ID" parentKeyValue="LMR Identifier" isValid="true" />
      <categoryValue keyName="LMR Prep ID" keyValue="LMR Prep ID" parentKeyValue="LMR Identifier" isValid="true" />
      <categoryValue keyName="LMR Protein Lot ID" keyValue="LMR Protein Lot ID" parentKeyValue="LMR Identifier" isValid="true" />
      <categoryValue keyName="LMR Request ID" keyValue="LMR Request ID" parentKeyValue="LMR Identifier" isValid="true" />
      <categoryValue keyName="LMR Root Identifier" keyValue="LMR Root Identifier" parentKeyValue="LMR Identifier" isValid="true" />
      <categoryValue keyName="LMR Sequence ID" keyValue="LMR Sequence ID" parentKeyValue="LMR Identifier" isValid="true" />
      <categoryValue keyName="LMR Sequence Set ID" keyValue="LMR Sequence Set ID" parentKeyValue="LMR Identifier" isValid="true" />

      <categoryValue keyName="Bioreg Lot Name" keyValue="Bioreg Lot Name" parentKeyValue="Large Molecule Identifier" isValid="true" />
      <categoryValue keyName="Bioreg Name" keyValue="Bioreg Name" parentKeyValue="Large Molecule Identifier" isValid="true" />

      <categoryValue keyName="Other" keyValue="Other" parentKeyValue="Service Input Type" isValid="true" />
      <categoryValue keyName="RG TableCell Details" keyValue="RG TableCell Details" parentKeyValue="Other" isValid="true" />
      <categoryValue keyName="People" keyValue="People" parentKeyValue="Service Input Type" isValid="true" />
      <categoryValue keyName="Amgen Login" keyValue="Amgen Login" parentKeyValue="People" isValid="true" />
      <categoryValue keyName="Amgen Session Login" keyValue="Amgen Session Login" parentKeyValue="People" isValid="true" />
      <categoryValue keyName="Amgen Session Login FASF Encrypted" keyValue="Amgen Session Login FASF Encrypted" parentKeyValue="People" isValid="true" />
      <categoryValue keyName="Security" keyValue="Security" parentKeyValue="Service Input Type" isValid="true" />
      <categoryValue keyName="SiteMinder Identity Token" keyValue="SiteMinder Identity Token" parentKeyValue="Security" isValid="true" />
      <categoryValue keyName="SiteMinder Session Token" keyValue="SiteMinder Session Token" parentKeyValue="Security" isValid="true" />
      <categoryValue keyName="Session Identifier" keyValue="Session Identifier" parentKeyValue="Service Input Type" isValid="true" />
      <categoryValue keyName="Small Molecule Chemistry" keyValue="Small Molecule Chemistry" parentKeyValue="Service Input Type" isValid="true" />
      <categoryValue keyName="Chemical Structure" keyValue="Chemical Structure" parentKeyValue="Small Molecule Chemistry" isValid="true" />
      <categoryValue keyName="MOL" keyValue="MOL" parentKeyValue="Chemical Structure" isValid="true" />
      <categoryValue keyName="SMILES" keyValue="SMILES" parentKeyValue="Chemical Structure" isValid="true" />
      <categoryValue keyName="Small Molecule Identifier" keyValue="Small Molecule Identifier" parentKeyValue="Small Molecule Chemistry" isValid="true" />
      <categoryValue keyName="Amgen Small Molecule Identifier" keyValue="Amgen Small Molecule Identifier" parentKeyValue="Small Molecule Identifier" isValid="true" />
      <categoryValue keyName="Amgen Identifier" keyValue="Amgen Identifier" parentKeyValue="Amgen Small Molecule Identifier" isValid="true" />
      <categoryValue keyName="Amgen Component ID" keyValue="Amgen Component ID" parentKeyValue="Amgen Identifier" isValid="true" />
      <categoryValue keyName="Amgen Name" keyValue="Amgen Name" parentKeyValue="Amgen Identifier" isValid="true" />
      <categoryValue keyName="Amgen Root ID" keyValue="Amgen Root ID" parentKeyValue="Amgen Identifier" isValid="true" />
      <categoryValue keyName="Amgen Substance ID" keyValue="Amgen Substance ID" parentKeyValue="Amgen Identifier" isValid="true" />
      <categoryValue keyName="SMR Identifier" keyValue="SMR Identifier" parentKeyValue="Amgen Small Molecule Identifier" isValid="true" />
      <categoryValue keyName="SMR Component ID" keyValue="SMR Component ID" parentKeyValue="SMR Identifier" isValid="true" />
      <categoryValue keyName="SMR Molecule ID" keyValue="SMR Molecule ID" parentKeyValue="SMR Identifier" isValid="true" />
      <categoryValue keyName="SMR Source Structure ID" keyValue="SMR Source Structure ID" parentKeyValue="SMR Identifier" isValid="true" />
      <categoryValue keyName="SMR Structure ID" keyValue="SMR Structure ID" parentKeyValue="SMR Identifier" isValid="true" />
      <categoryValue keyName="External Chemical Identifier" keyValue="External Chemical Identifier" parentKeyValue="Small Molecule Identifier" isValid="true" />
      <categoryValue keyName="ACD Registry Number" keyValue="ACD Registry Number" parentKeyValue="External Chemical Identifier" isValid="true" />
      <categoryValue keyName="CAS Registry Number" keyValue="CAS Registry Number" parentKeyValue="External Chemical Identifier" isValid="true" />
      <categoryValue keyName="Therapeutic Area" keyValue="Therapeutic Area" parentKeyValue="Service Input Type" isValid="true" />
      <categoryValue keyName="Project" keyValue="Project" parentKeyValue="Therapeutic Area" isValid="true" />
    </categorizationScheme>
  </categorizationSchemes>
</resources>